date,open,high,low,close,prediction
28-04-2013,135.3,135.98,132.1,134.21,129
29-04-2013,134.44,147.49,134,144.54,132.3
30-04-2013,144,146.93,134.05,139,128.8
01-05-2013,139,139.89,107.72,116.99,129
02-05-2013,116.38,125.6,92.28,105.21,129.3
03-05-2013,106.25,108.13,79.1,97.75,122.29
04-05-2013,98.1,115,92.5,112.5,122.22
05-05-2013,112.9,118.8,107.14,115.91,121.42
06-05-2013,115.98,124.66,106.64,112.3,121.65
07-05-2013,112.25,113.44,97.7,111.5,118
08-05-2013,109.6,115.78,109.6,113.57,111.5
09-05-2013,113.2,113.46,109.26,112.67,108.3
10-05-2013,112.8,122,111.55,117.2,100
11-05-2013,117.7,118.68,113.01,115.24,106.35
12-05-2013,115.64,117.45,113.43,115,108.9
13-05-2013,114.82,118.7,114.5,117.98,108.15
14-05-2013,117.98,119.8,110.25,111.5,104
15-05-2013,111.4,115.81,103.5,114.22,99.98
16-05-2013,114.22,118.76,112.2,118.76,99.99
17-05-2013,118.21,125.3,116.57,123.01,99.51
18-05-2013,123.5,125.25,122.3,123.5,101.7
19-05-2013,123.21,124.5,119.57,121.99,107.4
20-05-2013,122.5,123.62,120.12,122,108.25
21-05-2013,122.02,123,121.21,122.88,110.15
22-05-2013,122.89,124,122,123.89,109.5
23-05-2013,123.8,126.93,123.1,126.7,108.3
24-05-2013,126.3,133.85,125.72,133.2,107.6
25-05-2013,133.1,133.22,128.9,131.98,102.74
26-05-2013,131.99,136,130.62,133.48,103.95
27-05-2013,133.5,135.46,124.7,129.74,104
28-05-2013,129.77,130.58,125.6,129,101.44
29-05-2013,129,132.59,127.66,132.3,94.65
30-05-2013,132.25,132.25,127,128.8,94.99
31-05-2013,128.8,129.9,126.4,129,96.61
01-06-2013,128.82,129.78,127.2,129.3,88.05
02-06-2013,129.3,129.4,115.05,122.29,90.13
03-06-2013,122.5,122.5,116,122.22,77.53
04-06-2013,120.74,123.84,119.1,121.42,80.53
05-06-2013,121.4,123.47,119.9,121.65,68.43
06-06-2013,121.9,123.1,117.25,118,70.28
07-06-2013,118.97,119,106.42,111.5,74.56
08-06-2013,111,111.42,107.3,108.3,76.52
09-06-2013,107.89,108.99,88.5,100,76.69
10-06-2013,100.44,110.1,95,106.35,86.76
11-06-2013,106.35,109.6,104,108.9,88.98
12-06-2013,109,111.79,106.73,108.15,93.59
13-06-2013,108.78,110.3,100.53,104,98.13
14-06-2013,103.95,104.7,98,99.98,94.69
15-06-2013,100,103.7,98,99.99,98.4
16-06-2013,99.8,101.6,98.95,99.51,97.45
17-06-2013,99.9,102.21,99,101.7,98.5
18-06-2013,101.95,111.11,101.03,107.4,90.58
19-06-2013,107.05,110.22,105.75,108.25,92.17
20-06-2013,108.25,114.3,107.5,110.15,89.39
21-06-2013,111.29,114.99,107.68,109.5,90.76
22-06-2013,109.5,109.96,107.51,108.3,91.61
23-06-2013,108.2,108.8,106.23,107.6,95.56
24-06-2013,107.9,108.33,100.98,102.74,94.51
25-06-2013,102.09,106.47,101.01,103.95,96.9
26-06-2013,103.33,105.49,102.79,104,96.02
27-06-2013,104,104,101.1,101.44,94.12
28-06-2013,101.74,101.74,92.33,94.65,99.76
29-06-2013,94.66,99.99,93,94.99,101.2
30-06-2013,95,98.12,94.22,96.61,107.99
01-07-2013,97.51,97.66,86.3,88.05,106.09
02-07-2013,88.05,92.3,87.51,90.13,104
03-07-2013,90.4,90.98,76.98,77.53,104.5
04-07-2013,78.89,83.11,72,80.53,104
05-07-2013,79.99,80,65.53,68.43,105.14
06-07-2013,68.5,75,66.82,70.28,106.22
07-07-2013,68.75,74.56,66.62,74.56,106.75
08-07-2013,76.5,80,72.6,76.52,106.75
09-07-2013,76,78.3,72.52,76.69,103
10-07-2013,76.72,87,76.2,86.76,102.8
11-07-2013,88,90.28,85.08,88.98,103
12-07-2013,88.98,104,88.17,93.59,105
13-07-2013,93.99,98.25,88.06,98.13,106.64
14-07-2013,98.7,98.7,92.86,94.69,109
15-07-2013,93.61,101.9,93.11,98.4,112.56
16-07-2013,98.89,99.86,96.14,97.45,109.99
17-07-2013,96.71,99.97,96.18,98.5,108.99
18-07-2013,98.5,98.8,86.2,90.58,113.5
19-07-2013,90.07,95.2,87.8,92.17,113.5
20-07-2013,92,93.1,89.27,89.39,119
21-07-2013,89.82,91.95,88,90.76,121.21
22-07-2013,92,92,90.08,91.61,123.3
23-07-2013,91.6,96.82,91.6,95.56,121.15
24-07-2013,95.56,95.99,93,94.51,118.5
25-07-2013,94.5,97.33,93.87,96.9,120.04
26-07-2013,96.95,97.47,96,96.02,122.11
27-07-2013,96.02,97,93,94.12,120.06
28-07-2013,94.4,100.58,94,99.76,126.5
29-07-2013,98.6,102.5,98.46,101.2,122.62
30-07-2013,101.49,107.99,100.47,107.99,122.39
31-07-2013,107.95,111.34,103.88,106.09,133.49
01-08-2013,106.21,108,103.01,104,135.35
02-08-2013,104.86,108,101.21,104.5,138.34
03-08-2013,104.5,105.78,102,104,135.85
04-08-2013,104.95,105.95,103.52,105.14,136.77
05-08-2013,105.12,107.77,105,106.22,126.74
06-08-2013,106.72,107.38,105.56,106.75,126.43
07-08-2013,106.75,106.75,106.75,106.75,119.15
08-08-2013,106.75,106.75,101.26,103,124.15
09-08-2013,103.07,105.75,101.93,102.8,121.66
10-08-2013,102.8,103.9,102.41,103,127.11
11-08-2013,103,105.19,102.75,105,125.91
12-08-2013,105,108,103.5,106.64,135.25
13-08-2013,106.99,109.35,104.65,109,133.13
14-08-2013,109.56,115,108,112.56,134.98
15-08-2013,112.56,113.25,109,109.99,129.22
16-08-2013,110,112.3,108.52,108.99,130.37
17-08-2013,108.99,113.75,108.22,113.5,131.72
18-08-2013,112.75,114.69,112,113.5,131.66
19-08-2013,113.38,123.06,111.77,119,131.47
20-08-2013,119,123.01,117.51,121.21,129.65
21-08-2013,121.21,124.91,119.68,123.3,127.04
22-08-2013,123.3,123.5,120.6,121.15,127.43
23-08-2013,122,122,118.44,118.5,129.12
24-08-2013,118.51,121.39,118.02,120.04,125.95
25-08-2013,119.6,122.99,119.17,122.11,127.25
26-08-2013,122.11,122.75,119.93,120.06,128.22
27-08-2013,120.07,127.24,120.07,126.5,128.38
28-08-2013,126.48,127.32,122.62,122.62,133.78
29-08-2013,122.62,123.7,122.21,122.39,134.78
30-08-2013,122.35,135.75,120.99,133.49,137.34
31-08-2013,133.09,140.89,132.72,135.35,133
01-09-2013,135.14,145.81,134.81,138.34,132.18
02-09-2013,138.63,146.5,134.89,135.85,114.13
03-09-2013,135.61,138.34,133,136.77,123.63
04-09-2013,136.53,144.5,123.61,126.74,129.01
05-09-2013,126.76,131.44,121.83,126.43,128.55
06-09-2013,126.49,127.34,119.15,119.15,129
07-09-2013,118.89,125.94,118.46,124.15,126.94
08-09-2013,124.13,124.72,120.49,121.66,126
09-09-2013,121.86,129.06,119.75,127.11,130.69
10-09-2013,127.27,129.74,125.9,125.91,130.59
11-09-2013,125.89,137.83,123.27,135.25,130.9
12-09-2013,135.55,136.08,131.81,133.13,135.19
13-09-2013,132.83,137.58,132.27,134.98,138.13
14-09-2013,135.01,135.85,128.87,129.22,140.52
15-09-2013,129.4,131.44,128.26,130.37,145.24
16-09-2013,130.86,132.72,129.77,131.72,142.55
17-09-2013,131.59,132.76,124.89,131.66,146.25
18-09-2013,131.71,133.2,130.54,131.47,155.96
19-09-2013,131.37,131.77,128.45,129.65,172.42
20-09-2013,129.7,135.62,126.68,127.04,174.61
21-09-2013,126.95,128.61,126.24,127.43,182.21
22-09-2013,127.87,133.94,126.59,129.12,193.76
23-09-2013,128.98,132.73,125.66,125.95,213.62
24-09-2013,126.05,127.46,125.39,127.25,198.23
25-09-2013,127.38,129.69,127.33,128.22,186.69
26-09-2013,128.21,134.93,127.32,128.38,177.32
27-09-2013,128.94,134.74,128.49,133.78,196.44
28-09-2013,133.77,135.63,132.56,134.78,198.55
29-09-2013,134.9,140.61,134.71,137.34,204.39
30-09-2013,137.15,138.35,130.27,133,199.97
01-10-2013,132.68,134.63,131.55,132.18,204
02-10-2013,132.05,133.59,102.25,114.13,206.18
03-10-2013,114.45,123.63,111.82,123.63,206.22
04-10-2013,123.41,130.09,123.41,129.01,215.05
05-10-2013,128.63,130.44,128.03,128.55,229.1
06-10-2013,128.36,129.66,126.15,129,245.24
07-10-2013,129.43,130.27,126.36,126.94,262.5
08-10-2013,126.74,127.47,124.71,126,296.41
09-10-2013,125.85,131.75,125.58,130.69,338.11
10-10-2013,130.67,131.5,129.26,130.59,339.11
11-10-2013,130.75,131.81,129.64,130.9,326.62
12-10-2013,130.9,135.66,130.56,135.19,342.44
13-10-2013,135.19,138.66,134.55,138.13,360.33
14-10-2013,139.27,144.12,138.9,140.52,407.37
15-10-2013,140.77,145.39,139.13,145.24,420.2
16-10-2013,145.65,152.23,142.43,142.55,417.95
17-10-2013,142.41,147.42,142.41,146.25,440.22
18-10-2013,146.37,155.96,145.57,155.96,492.11
19-10-2013,155.91,177.48,155.7,172.42,703.56
20-10-2013,171.66,174.91,168.95,174.61,584.61
21-10-2013,174.8,184.82,174.8,182.21,590.83
22-10-2013,182.65,196.27,182.65,193.76,722.43
23-10-2013,193.36,213.62,192.38,213.62,771.44
24-10-2013,214.3,217.42,168.52,198.23,797.82
25-10-2013,197.69,198.87,168.5,186.69,774.25
26-10-2013,187.45,188.41,175.75,177.32,799.11
27-10-2013,176.6,196.44,176.6,196.44,928.1
28-10-2013,196.21,198.62,192.06,198.55,1001.96
29-10-2013,198.55,204.79,198.55,204.39,1031.95
30-10-2013,204.39,209.16,199.97,199.97,1131.97
31-10-2013,199.83,205.18,198.85,204,1129.43
01-11-2013,203.9,206.65,202.13,206.18,955.85
02-11-2013,205.81,207.76,201.65,206.22,1043.33
03-11-2013,205.99,215.05,203.99,215.05,1078.28
04-11-2013,214.66,231.01,213.94,229.1,1151.17
05-11-2013,229.21,250.66,226.22,245.24,1045.11
06-11-2013,244.78,263,244.78,262.5,829.45
07-11-2013,261.68,304.17,261.55,296.41,698.23
08-11-2013,297.85,338.66,296.93,338.11,795.87
09-11-2013,338.58,370.82,319.71,339.11,893.19
10-11-2013,348.82,350.7,277.24,326.62,988.51
11-11-2013,325.41,351.27,311.78,342.44,878.48
12-11-2013,343.06,362.81,342.8,360.33,873.26
13-11-2013,360.97,414.05,359.8,407.37,892.58
14-11-2013,406.41,425.9,395.19,420.2,872.6
15-11-2013,419.41,437.89,396.11,417.95,876.12
16-11-2013,417.28,450.26,415.57,440.22,705.97
17-11-2013,440.96,500.58,440.24,492.11,682.12
18-11-2013,496.58,703.78,494.94,703.56,522.7
19-11-2013,712.76,806.11,456.39,584.61,691.96
20-11-2013,577.98,599.65,448.45,590.83,625.32
21-11-2013,594.32,733.4,577.29,722.43,605.66
22-11-2013,724.07,780.85,668.13,771.44,617.18
23-11-2013,771.7,844.97,771.7,797.82,673.41
24-11-2013,795.63,807.36,722.87,774.25,665.58
25-11-2013,773.02,810.68,754.43,799.11,682.21
26-11-2013,805.73,928.54,800.8,928.1,761.98
27-11-2013,923.85,1001.96,891.68,1001.96,735.07
28-11-2013,1003.38,1077.56,962.17,1031.95,727.83
29-11-2013,1042.01,1146.97,1000.64,1131.97,745.05
30-11-2013,1129.37,1156.14,1106.61,1129.43,756.13
01-12-2013,1128.92,1133.08,801.82,955.85,754.01
02-12-2013,951.42,1055.42,938.41,1043.33,771.4
03-12-2013,1046.4,1096,1011.21,1078.28,802.39
04-12-2013,1077.58,1156.12,1070.16,1151.17,818.72
05-12-2013,1152.73,1154.36,897.11,1045.11,859.51
06-12-2013,1042.38,1042.38,829.45,829.45,933.53
07-12-2013,835.32,854.64,640.22,698.23,953.29
08-12-2013,697.31,802.51,670.88,795.87,802
09-12-2013,793.8,921.93,780.9,893.19,842.72
10-12-2013,892.32,997.23,892.32,988.51,846.86
11-12-2013,989.07,1001.58,834.23,878.48,868.48
12-12-2013,882.78,901.94,844.95,873.26,913.95
13-12-2013,874.98,941.79,860.05,892.58,863.22
14-12-2013,899.85,904.65,858.36,872.6,841.2
15-12-2013,875.29,886.16,825,876.12,833.27
16-12-2013,880.33,882.25,668.25,705.97,860.9
17-12-2013,706.37,754.83,630.88,682.12,835.63
18-12-2013,678.2,679.32,420.51,522.7,814.64
19-12-2013,519.06,707.23,502.89,691.96,840
20-12-2013,694.22,729.16,595.33,625.32,870.96
21-12-2013,619.9,654.27,579.17,605.66,870.2
22-12-2013,601.78,666.74,585.64,617.18,863.91
23-12-2013,613.06,680.91,611.04,673.41,845.59
24-12-2013,672.36,684.39,645.71,665.58,822.04
25-12-2013,666.31,682.7,649.48,682.21,797.07
26-12-2013,683.94,777.75,683.94,761.98,853.61
27-12-2013,763.28,777.51,713.6,735.07,885.28
28-12-2013,737.98,747.06,705.35,727.83,771.39
29-12-2013,728.05,748.61,714.44,745.05,812.51
30-12-2013,741.35,766.6,740.24,756.13,826
31-12-2013,760.32,760.58,738.17,754.01,819.03
01-01-2014,754.97,775.35,754.97,771.4,829.92
02-01-2014,773.44,820.31,767.21,802.39,832.58
03-01-2014,802.85,834.15,789.12,818.72,825.37
04-01-2014,823.27,859.51,801.67,859.51,823.83
05-01-2014,858.55,952.4,854.52,933.53,827.96
06-01-2014,936.05,1017.12,905.71,953.29,811.91
07-01-2014,946.49,965.74,802,802,781.55
08-01-2014,795.99,870.68,776.18,842.72,712.4
09-01-2014,841.47,864.36,804.14,846.86,673.92
10-01-2014,846.69,871.19,822.6,868.48,682.9
11-01-2014,867.32,921.48,861.72,913.95,681.03
12-01-2014,919.6,928.52,851.17,863.22,672.17
13-01-2014,860.19,861.29,806.05,841.2,651.72
14-01-2014,843.17,855.69,825.66,833.27,605.24
15-01-2014,833.12,872.81,830.86,860.9,661.99
16-01-2014,860.29,866.16,835.63,835.63,650.92
17-01-2014,834.49,842.91,797.63,814.64,616.63
18-01-2014,816.07,841.49,816.07,840,626.27
19-01-2014,839.66,870.96,825.53,870.96,626.6
20-01-2014,871.39,886.39,853.87,870.2,623.03
21-01-2014,869.65,881.2,855.93,863.91,556.14
22-01-2014,867.21,870.15,837.36,845.59,574.16
23-01-2014,845.46,851.57,819.32,822.04,605.42
24-01-2014,822.43,822.43,783.58,797.07,605.82
25-01-2014,796.24,861.45,792.96,853.61,546.32
26-01-2014,853.68,897.02,844.86,885.28,538.71
27-01-2014,884.6,893,757.11,771.39,582.69
28-01-2014,774.02,832.5,766.98,812.51,578.77
29-01-2014,809.96,836.87,809.85,826,549.26
30-01-2014,826.02,830.5,799.06,819.03,565.61
31-01-2014,818.43,831.87,812.6,829.92,559.79
01-02-2014,828.61,853.52,827.11,832.58,667.76
02-02-2014,832.9,844.72,820.67,825.37,666.78
03-02-2014,824.08,826.48,807.22,823.83,665.51
04-02-2014,823.77,840.17,820.94,827.96,663.86
05-02-2014,829.96,837.32,811.91,811.91,629.15
06-02-2014,815.59,819.81,770.59,781.55,617.45
07-02-2014,783.2,783.2,654.35,712.4,636.96
08-02-2014,699.57,721.82,661.87,673.92,627.79
09-02-2014,671.46,712.27,655.25,682.9,634.11
10-02-2014,681.32,703.71,550.5,681.03,632.1
11-02-2014,683.5,712.46,636.66,672.17,638.14
12-02-2014,672.38,672.9,643.04,651.72,628.8
13-02-2014,651.08,657.99,601.91,605.24,636.12
14-02-2014,601.17,691.72,541.04,661.99,631.11
15-02-2014,660.9,661.84,632.84,650.92,622.37
16-02-2014,651.3,665.1,584.17,616.63,614.83
17-02-2014,614.23,656.95,607.31,626.27,609.89
18-02-2014,627.16,645.76,612.54,626.6,588.77
19-02-2014,625.97,631.77,618.7,623.03,571.49
20-02-2014,623.09,627.73,556.14,556.14,565.04
21-02-2014,556.88,582.96,530.47,574.16,561.27
22-02-2014,574.24,614.48,558.58,605.42,583.41
23-02-2014,606.47,639.91,599.7,605.82,583.92
24-02-2014,606.04,607.61,538.7,546.32,580.83
25-02-2014,540.24,541.38,420.41,538.71,471.24
26-02-2014,537.04,603.8,532.58,582.69,495.67
27-02-2014,581.65,594.05,566.62,578.77,491.17
28-02-2014,579.7,584.14,545.17,549.26,460.27
01-03-2014,549.92,573.38,539.29,565.61,457
02-03-2014,567.23,570.48,553.27,559.79,478.38
03-03-2014,562.56,702.91,560.52,667.76,437.14
04-03-2014,668.24,696.22,655.68,666.78,444.72
05-03-2014,666.24,674.28,646.28,665.51,447.53
06-03-2014,664.52,669.77,649.79,663.86,461.91
07-03-2014,664.31,665.34,616.35,629.15,460.5
08-03-2014,629.66,635.14,604.46,617.45,449.42
09-03-2014,616.31,643.95,612.35,636.96,453.09
10-03-2014,636.33,644.76,615.02,627.79,442.73
11-03-2014,627.95,638.42,618.84,634.11,365.18
12-03-2014,631.91,648.03,629.51,632.1,420.95
13-03-2014,633.62,644.2,630.85,638.14,421.12
14-03-2014,638.14,639.53,627.21,628.8,414.06
15-03-2014,629.37,639.14,627.3,636.12,458.79
16-03-2014,636.5,637.52,628.11,631.11,515.59
17-03-2014,630.92,632.68,616.85,622.37,527.4
18-03-2014,621.84,622.39,603.8,614.83,495.96
19-03-2014,613.9,622,609.1,609.89,479.64
20-03-2014,609.74,609.74,587.49,588.77,501.57
21-03-2014,588.29,604.59,561.81,571.49,498.17
22-03-2014,571.18,572.55,554.39,565.04,495.77
23-03-2014,565.76,570.24,560.88,561.27,487.92
24-03-2014,562.51,586.56,551.77,583.41,491.3
25-03-2014,585.03,585.44,572.6,583.92,500.46
26-03-2014,583.48,590.03,570.96,580.83,461.45
27-03-2014,580.26,580.56,471.24,471.24,458.6
28-03-2014,477.14,526.02,473.23,495.67,436.39
29-03-2014,501.71,504.86,489.73,491.17,440.29
30-03-2014,492.37,492.37,444.18,460.27,447.21
31-03-2014,462.3,483.02,443.36,457,447.64
01-04-2014,457,495.34,457,478.38,457.76
02-04-2014,479.14,495.05,431.27,437.14,449.38
03-04-2014,436.44,449.57,414.89,444.72,437.76
04-04-2014,445.66,454.65,429.09,447.53,436.4
05-04-2014,446.67,463.57,444.2,461.91,433.48
06-04-2014,463.4,466.32,452.97,460.5,428.96
07-04-2014,461.47,462.56,445.12,449.42,438.82
08-04-2014,447.61,457.42,446.11,453.09,440.17
09-04-2014,453.18,455.73,441.93,442.73,449.46
10-04-2014,442.26,443.37,358.73,365.18,454.43
11-04-2014,363.71,429.77,351.27,420.95,438.89
12-04-2014,420.89,439.61,415.79,421.12,441.46
13-04-2014,421.46,427.4,395.25,414.06,440.67
14-04-2014,414.83,469.75,407.37,458.79,443.97
15-04-2014,458.37,519,453.54,515.59,447.25
16-04-2014,522.18,542.38,502.78,527.4,448.06
17-04-2014,529.07,533.52,484.87,495.96,448.9
18-04-2014,495.8,498.6,472.74,479.64,446.26
19-04-2014,479.58,503.55,470.56,501.57,446.18
20-04-2014,501.75,510.87,490.84,498.17,485.72
21-04-2014,497.74,510.57,493.2,495.77,491.77
22-04-2014,495.45,503.22,487.58,487.92,524.58
23-04-2014,488.36,493.25,485.82,491.3,520.22
24-04-2014,490.83,500.46,482.95,500.46,525.14
25-04-2014,500.09,500.3,442.95,461.45,571.59
26-04-2014,461.7,464.54,449.1,458.6,583.42
27-04-2014,457.24,459.33,436.39,436.39,571.24
28-04-2014,430.72,447.53,422.94,440.29,577.06
29-04-2014,439.98,451.64,435.18,447.21,568.18
30-04-2014,446.89,451.1,436.7,447.64,615.33
01-05-2014,447.63,460.61,447.63,457.76,623.68
02-05-2014,457.36,457.93,443.4,449.38,630.23
03-05-2014,449.4,449.4,430.68,437.76,660.62
04-05-2014,438.52,439.77,430.05,436.4,667.6
05-05-2014,434.78,440.97,427.62,433.48,641.61
06-05-2014,433.36,448.04,423.25,428.96,659.26
07-05-2014,429.34,446.13,428.45,438.82,653.7
08-05-2014,438.68,448.4,438.14,440.17,654.97
09-05-2014,440.18,452.69,440.14,449.46,656.14
10-05-2014,450.46,455.77,448.47,454.43,649.16
11-05-2014,453.92,455.34,433.4,438.89,653.15
12-05-2014,438.3,442.26,434.23,441.46,633.02
13-05-2014,441.53,441.98,436.97,440.67,586.95
14-05-2014,440.59,446.66,440.5,443.97,600.16
15-05-2014,444.14,449.8,443.63,447.25,577.36
16-05-2014,447.39,450.66,444.96,448.06,592.94
17-05-2014,448.12,451.98,447.3,448.9,592.19
18-05-2014,448.7,449.77,444.78,446.26,610.86
19-05-2014,446.08,447.55,443.1,446.18,607.96
20-05-2014,446.3,491.44,446.01,485.72,598.07
21-05-2014,485.8,494.37,483.49,491.77,594.15
22-05-2014,492.05,525.36,490.19,524.58,594.99
23-05-2014,525.72,541.96,520.08,520.22,602.27
24-05-2014,521.05,525.17,516.28,525.14,593.98
25-05-2014,525.23,576.48,525.23,571.59,582.36
26-05-2014,571.39,588.39,565.33,583.42,566.34
27-05-2014,582.59,589.52,554.43,571.24,581.14
28-05-2014,571.91,578.62,564.09,577.06,597.26
29-05-2014,576.33,577.1,561.6,568.18,596.55
30-05-2014,568.18,618.46,568.16,615.33,602.72
31-05-2014,615.69,624.72,604.47,623.68,639.8
01-06-2014,623.69,671.51,619.91,630.23,640.81
02-06-2014,629.65,665.5,618.74,660.62,650.88
03-06-2014,660.55,674.11,650.78,667.6,645.16
04-06-2014,666.77,668.56,624.09,641.61,630.69
05-06-2014,641.07,663.53,640.09,659.26,631.46
06-06-2014,659.28,661.37,652.3,653.7,635.81
07-06-2014,653.52,656.94,644.91,654.97,624.09
08-06-2014,654.99,658.88,653.47,656.14,624.82
09-06-2014,655.64,657.7,644.39,649.16,624.51
10-06-2014,650.04,659.61,646.56,653.15,616.76
11-06-2014,653.19,657.04,632.55,633.02,632
12-06-2014,633.43,638.11,573.27,586.95,633.71
13-06-2014,585.7,615.14,585.7,600.16,626.5
14-06-2014,600.75,601.27,549.82,577.36,619.32
15-06-2014,575.93,592.94,554.89,592.94,621.59
16-06-2014,592.65,608.72,587.07,592.19,616.8
17-06-2014,591.59,610.89,590.4,610.86,623.09
18-06-2014,609.77,615.88,604.4,607.96,628.78
19-06-2014,608.07,612.24,597.02,598.07,628.52
20-06-2014,597.4,599.75,587.76,594.15,623.9
21-06-2014,593.68,599.46,587.74,594.99,622.21
22-06-2014,595.9,606,594.63,602.27,621.55
23-06-2014,602.16,603.21,586.34,593.98,619.41
24-06-2014,593.97,596.97,582.36,582.36,601.73
25-06-2014,581.81,583.6,565.63,566.34,601.09
26-06-2014,566.14,581.63,564.73,581.14,595.81
27-06-2014,581.3,600.12,579.89,597.26,593.85
28-06-2014,599.08,604.47,595.92,596.55,585.69
29-06-2014,596.33,604.08,596.16,602.72,584.72
30-06-2014,602.62,645.16,599.88,639.8,567.29
01-07-2014,641.39,657.86,640.11,640.81,586.23
02-07-2014,641.04,656.68,638.34,650.88,594.92
03-07-2014,650.77,650.77,641.3,645.16,589.33
04-07-2014,644.65,648.43,629.4,630.69,586.67
05-07-2014,629.95,633.22,628,631.46,588.78
06-07-2014,631.77,638.65,631.16,635.81,585.44
07-07-2014,635.46,637.16,617.01,624.09,584.65
08-07-2014,622.57,626.7,620.91,624.82,588.87
09-07-2014,625.22,627,622.6,624.51,592.58
10-07-2014,624.83,626.12,612.35,616.76,589.37
11-07-2014,616.66,632.09,615.77,632,591.06
12-07-2014,631.88,636.66,626.98,633.71,576.37
13-07-2014,634.22,634.73,624.91,626.5,569.64
14-07-2014,626.56,627.34,617.32,619.32,546.66
15-07-2014,620,625.14,619.64,621.59,505.97
16-07-2014,622.01,623.09,615.33,616.8,497.01
17-07-2014,616.54,626.29,608.4,623.09,519.71
18-07-2014,622.37,629.21,620.47,628.78,491.8
19-07-2014,629.17,629.17,624.6,628.52,461.46
20-07-2014,628.56,628.56,622.78,623.9,485.24
21-07-2014,623.95,624.09,619.11,622.21,511.98
22-07-2014,622.27,624.3,620.96,621.55,517.24
23-07-2014,621.12,624.43,618.29,619.41,514.04
24-07-2014,619.5,620.43,595.57,601.73,498.08
25-07-2014,601.51,607.07,597.23,601.09,508.29
26-07-2014,601.54,602.09,593.96,595.81,502.5
27-07-2014,595.67,598.94,593.43,593.85,511.57
28-07-2014,594.14,594.57,575.18,585.69,511.15
29-07-2014,585.55,588.39,581.7,584.72,507.82
30-07-2014,584.74,585.12,564.9,567.29,508.52
31-07-2014,567.37,586.23,564.51,586.23,504.25
01-08-2014,586.2,597.92,583.63,594.92,477.76
02-08-2014,594.9,594.91,586.16,589.33,474.88
03-08-2014,588.89,589.15,581.65,586.67,477.43
04-08-2014,586.23,591.95,583.74,588.78,477.59
05-08-2014,589.01,589.86,584.1,585.44,489.66
06-08-2014,585.95,587.49,583.1,584.65,483.34
07-08-2014,584.65,591.1,584.05,588.87,484.83
08-08-2014,588.88,598.12,588.79,592.58,482.28
09-08-2014,592.47,592.47,587.63,589.37,474.6
10-08-2014,589.17,594.46,587.94,591.06,475.26
11-08-2014,591.28,591.51,574.05,576.37,479.36
12-08-2014,576.51,576.95,566.59,569.64,479.75
13-08-2014,570.38,573.03,532.67,546.66,477.75
14-08-2014,546.18,546.24,498.73,505.97,479
15-08-2014,511.14,518.18,487.93,497.01,477.89
16-08-2014,497.83,521.47,487.74,519.71,475.37
17-08-2014,519.14,520.19,483.63,491.8,466.06
18-08-2014,491.51,499.37,443.85,461.46,457.33
19-08-2014,461.48,485.71,455.54,485.24,424.44
20-08-2014,485.07,518.28,467.51,511.98,394.8
21-08-2014,510.45,531.9,510.45,517.24,408.9
22-08-2014,517.58,521.48,501.27,514.04,398.82
23-08-2014,513.39,514.3,492.11,498.08,402.15
24-08-2014,498.29,512.89,497.35,508.29,435.79
25-08-2014,508.22,508.22,499.23,502.5,423.2
26-08-2014,502.54,512.69,502.54,511.57,411.57
27-08-2014,512.19,520.71,510.92,511.15,404.42
28-08-2014,510.88,516.16,506.88,507.82,399.52
29-08-2014,508.42,511.7,503.82,508.52,377.18
30-08-2014,508.59,509.31,501.64,504.25,375.47
31-08-2014,502.9,504.88,474.81,477.76,386.94
01-09-2014,477.79,485.31,471.91,474.88,383.61
02-09-2014,474.48,482.99,472.32,477.43,375.07
03-09-2014,476.87,481.71,476.21,477.59,359.51
04-09-2014,477.68,493.93,477.09,489.66,328.87
05-09-2014,489.67,490.64,481.61,483.34,320.51
06-09-2014,483.34,488.6,483,484.83,330.08
07-09-2014,485.13,488.07,482.28,482.28,336.19
08-09-2014,481.81,489.83,468.79,474.6,352.94
09-09-2014,474.88,477.38,467.78,475.26,365.03
10-09-2014,475.48,487.47,475.14,479.36,361.56
11-09-2014,479.62,482.35,474.61,479.75,362.3
12-09-2014,479.58,479.63,473.01,477.75,378.55
13-09-2014,477.79,482.12,475.1,479,390.41
14-09-2014,479.12,479.85,476.12,477.89,400.87
15-09-2014,477.77,478.62,474.02,475.37,394.77
16-09-2014,474.86,475.64,465.13,466.06,382.56
17-09-2014,465.86,468.17,452.42,457.33,383.76
18-09-2014,456.86,456.86,413.1,424.44,391.44
19-09-2014,424.1,427.83,384.53,394.8,389.55
20-09-2014,394.67,423.3,389.88,408.9,382.85
21-09-2014,408.08,412.43,393.18,398.82,386.48
22-09-2014,399.1,406.92,397.13,402.15,383.16
23-09-2014,402.09,441.56,396.2,435.79,358.42
24-09-2014,435.75,436.11,421.13,423.2,358.35
25-09-2014,423.16,423.52,409.47,411.57,347.27
26-09-2014,411.43,414.94,400.01,404.42,354.7
27-09-2014,403.56,406.62,397.37,399.52,352.99
28-09-2014,399.47,401.02,374.33,377.18,357.62
29-09-2014,376.93,385.21,372.24,375.47,335.59
30-09-2014,376.09,390.98,373.44,386.94,345.3
01-10-2014,387.43,391.38,380.78,383.61,338.32
02-10-2014,383.99,385.5,372.95,375.07,325.75
03-10-2014,375.18,377.7,357.86,359.51,325.89
04-10-2014,359.89,364.49,325.89,328.87,327.55
05-10-2014,328.92,341.8,289.3,320.51,330.49
06-10-2014,320.39,345.13,302.56,330.08,339.49
07-10-2014,330.58,339.25,320.48,336.19,349.29
08-10-2014,336.12,354.36,327.19,352.94,342.42
09-10-2014,352.75,382.73,347.69,365.03,345.49
10-10-2014,364.69,375.07,352.96,361.56,363.26
11-10-2014,361.36,367.19,355.95,362.3,366.92
12-10-2014,362.61,379.43,356.14,378.55,367.7
13-10-2014,377.92,397.23,368.9,390.41,423.56
14-10-2014,391.69,411.7,391.32,400.87,420.73
15-10-2014,400.95,402.23,388.77,394.77,397.82
16-10-2014,394.52,398.81,373.07,382.56,376.13
17-10-2014,382.76,385.48,375.39,383.76,387.88
18-10-2014,383.98,395.16,378.97,391.44,387.41
19-10-2014,391.25,393.94,386.46,389.55,375.2
20-10-2014,389.23,390.08,378.25,382.85,380.55
21-10-2014,382.42,392.65,380.83,386.48,357.84
22-10-2014,386.12,388.58,382.25,383.16,350.85
23-10-2014,382.96,385.05,356.45,358.42,352.92
24-10-2014,358.59,364.35,353.3,358.35,367.57
25-10-2014,358.61,359.86,342.88,347.27,376.9
26-10-2014,347.49,359.22,343.93,354.7,375.35
27-10-2014,354.78,358.63,349.81,352.99,368.37
28-10-2014,353.21,359.98,352.68,357.62,369.67
29-10-2014,357.09,357.83,335.34,335.59,376.45
30-10-2014,335.71,350.91,335.07,345.3,375.49
31-10-2014,345.01,348.05,337.14,338.32,378.05
01-11-2014,338.65,340.53,321.05,325.75,379.24
02-11-2014,326.08,329.05,320.63,325.89,381.32
03-11-2014,325.57,334,325.48,327.55,375.01
04-11-2014,327.16,331.77,325.08,330.49,369.6
05-11-2014,330.68,343.37,330.68,339.49,376.85
06-11-2014,339.46,352.97,338.42,349.29,374.79
07-11-2014,349.82,352.73,341.78,342.42,375.1
08-11-2014,342.15,347.03,342.15,345.49,361.91
09-11-2014,345.38,363.63,344.26,363.26,352.22
10-11-2014,362.27,374.82,357.56,366.92,346.36
11-11-2014,365.86,371.31,363.73,367.7,350.51
12-11-2014,367.98,429.72,367.98,423.56,352.54
13-11-2014,427.27,457.09,401.12,420.73,347.38
14-11-2014,418.42,419.25,384.79,397.82,351.63
15-11-2014,399.65,405.53,371.01,376.13,345.35
16-11-2014,374.73,390.8,374.6,387.88,327.06
17-11-2014,388.35,410.2,377.5,387.41,319.78
18-11-2014,387.79,392.4,371.12,375.2,311.4
19-11-2014,373.9,386.48,373.9,380.55,317.84
20-11-2014,380.31,382.02,356.78,357.84,329.96
21-11-2014,357.88,357.88,344.11,350.85,320.84
22-11-2014,351.6,364.84,350.88,352.92,331.89
23-11-2014,353.17,370.85,353.17,367.57,334.57
24-11-2014,366.95,387.21,366.67,376.9,322.53
25-11-2014,376.89,394.7,374.78,375.35,319.01
26-11-2014,376.02,377.7,365.82,368.37,327.92
27-11-2014,370.5,373.99,368.28,369.67,315.86
28-11-2014,369.37,382.84,358.45,376.45,317.24
29-11-2014,376.15,387.6,372.14,375.49,312.67
30-11-2014,375.51,382.53,373.31,378.05,310.74
01-12-2014,378.25,383.66,376.67,379.24,320.19
02-12-2014,379.25,384.04,377.86,381.32,314.25
03-12-2014,381.72,383.03,374.35,375.01,315.03
04-12-2014,375.72,378.65,367.76,369.6,281.08
05-12-2014,369.44,379.19,365.76,376.85,264.2
06-12-2014,376.76,378.45,370.95,374.79,274.47
07-12-2014,374.84,376.29,373.27,375.1,286.19
08-12-2014,374.96,376.03,361.89,361.91,294.34
09-12-2014,361.89,363.07,344.95,352.22,283.35
10-12-2014,352.2,352.38,346.36,346.36,290.41
11-12-2014,344.34,361.36,338.76,350.51,274.8
12-12-2014,350.83,352.98,349.29,352.54,265.66
13-12-2014,352.38,352.38,346.59,347.38,267.8
14-12-2014,346.73,353.32,345.42,351.63,225.86
15-12-2014,351.36,351.82,344.93,345.35,178.1
16-12-2014,345.67,345.86,327.06,327.06,209.84
17-12-2014,326.86,333.95,315.15,319.78,208.1
18-12-2014,319.79,323.71,304.23,311.4,199.26
19-12-2014,311.18,318.53,306.77,317.84,210.34
20-12-2014,317.62,330.33,316.04,329.96,214.86
21-12-2014,329.54,329.63,318.9,320.84,211.32
22-12-2014,321.07,334.12,320.42,331.89,226.9
23-12-2014,332.02,336.29,329.6,334.57,233.41
24-12-2014,334.39,334.74,321.36,322.53,232.88
25-12-2014,322.29,322.67,316.96,319.01,247.85
26-12-2014,319.15,331.42,316.63,327.92,253.72
27-12-2014,327.58,328.91,312.63,315.86,273.47
28-12-2014,316.16,320.03,311.08,317.24,263.48
29-12-2014,317.7,320.27,312.31,312.67,233.91
30-12-2014,312.72,314.81,309.37,310.74,233.51
31-12-2014,310.91,320.19,310.21,320.19,226.43
01-01-2015,320.43,320.43,314,314.25,217.46
02-01-2015,314.08,315.84,313.57,315.03,226.97
03-01-2015,314.85,315.15,281.08,281.08,238.23
04-01-2015,281.15,287.23,257.61,264.2,227.27
05-01-2015,265.08,278.34,265.08,274.47,226.85
06-01-2015,274.61,287.55,272.7,286.19,217.11
07-01-2015,286.08,298.75,283.08,294.34,222.27
08-01-2015,294.14,294.14,282.17,283.35,227.75
09-01-2015,282.38,291.11,280.53,290.41,223.41
10-01-2015,287.3,288.13,273.97,274.8,220.11
11-01-2015,274.61,279.64,265.04,265.66,219.84
12-01-2015,266.15,272.2,265.2,267.8,219.18
13-01-2015,267.39,268.28,219.91,225.86,221.76
14-01-2015,223.89,223.89,171.51,178.1,235.43
15-01-2015,176.9,229.07,176.9,209.84,257.32
16-01-2015,209.07,221.59,199.77,208.1,234.82
17-01-2015,207.83,211.73,194.88,199.26,233.84
18-01-2015,200.05,218.7,194.51,210.34,243.61
19-01-2015,211.47,216.73,207.32,214.86,236.33
20-01-2015,212.91,215.24,205.15,211.32,240.28
21-01-2015,211.38,227.79,211.21,226.9,243.78
22-01-2015,227.32,237.02,226.43,233.41,244.53
23-01-2015,233.52,234.85,225.2,232.88,235.98
24-01-2015,232.7,248.21,230.02,247.85,238.89
25-01-2015,247.35,255.07,243.89,253.72,238.74
26-01-2015,254.08,309.38,254.08,273.47,237.47
27-01-2015,273.17,275.48,250.65,263.48,236.43
28-01-2015,263.35,266.54,227.05,233.91,253.83
29-01-2015,233.35,238.71,220.71,233.51,254.26
30-01-2015,232.77,242.85,225.84,226.43,260.2
31-01-2015,226.44,233.5,216.31,217.46,275.67
01-02-2015,216.87,231.57,212.01,226.97,281.7
02-02-2015,226.49,242.18,222.66,238.23,273.09
03-02-2015,237.45,245.96,224.48,227.27,276.18
04-02-2015,227.51,230.06,221.11,226.85,272.72
05-02-2015,227.66,239.4,214.73,217.11,276.26
06-02-2015,216.92,230.51,216.23,222.27,274.35
07-02-2015,222.63,230.3,222.61,227.75,289.61
08-02-2015,227.69,229.44,221.08,223.41,291.76
09-02-2015,223.39,223.98,217.02,220.11,296.38
10-02-2015,220.28,221.81,215.33,219.84,294.35
11-02-2015,219.73,223.41,218.07,219.18,285.34
12-02-2015,219.21,222.2,217.61,221.76,281.89
13-02-2015,221.97,240.26,221.26,235.43,286.39
14-02-2015,235.53,259.81,235.53,257.32,290.59
15-02-2015,257.51,265.61,227.68,234.82,285.51
16-02-2015,234.82,239.52,229.02,233.84,256.3
17-02-2015,233.42,245.77,232.31,243.61,260.93
18-02-2015,243.78,244.25,232.34,236.33,261.75
19-02-2015,236.41,242.67,235.59,240.28,260.02
20-02-2015,240.25,247.1,239.3,243.78,267.96
21-02-2015,243.75,255.32,243.18,244.53,266.74
22-02-2015,244.54,246.39,233.85,235.98,245.6
23-02-2015,235.99,240.11,232.42,238.89,246.2
24-02-2015,239,239.9,236.4,238.74,248.53
25-02-2015,238.89,239.34,235.53,237.47,247.03
26-02-2015,237.34,237.71,234.26,236.43,252.8
27-02-2015,236.44,256.65,236.44,253.83,242.71
28-02-2015,253.52,254.69,249.48,254.26,247.53
01-03-2015,254.28,261.66,245.93,260.2,244.22
02-03-2015,260.36,276.3,258.31,275.67,247.27
03-03-2015,275.05,285.8,268.16,281.7,253.01
04-03-2015,281.99,284.23,268.13,273.09,254.32
05-03-2015,272.74,281.67,264.77,276.18,253.7
06-03-2015,275.6,277.61,270.02,272.72,260.6
07-03-2015,272.29,277.85,270.13,276.26,255.49
08-03-2015,276.43,277.86,272.57,274.35,253.18
09-03-2015,274.81,292.7,273.89,289.61,245.02
10-03-2015,289.86,300.04,289.74,291.76,243.68
11-03-2015,291.52,297.39,290.51,296.38,236.07
12-03-2015,296.13,297.09,292.41,294.35,236.55
13-03-2015,294.12,294.5,285.34,285.34,236.15
14-03-2015,284.44,286.34,280.98,281.89,224.59
15-03-2015,281.42,286.53,281,286.39,219.16
16-03-2015,285.68,294.11,285.68,290.59,223.83
17-03-2015,290.6,292.36,284.37,285.51,228.57
18-03-2015,285.07,285.34,249.87,256.3,222.88
19-03-2015,255.88,264.24,248.64,260.93,223.36
20-03-2015,260.96,264.85,259.16,261.75,222.6
21-03-2015,261.64,262.2,255.65,260.02,224.63
22-03-2015,259.92,269.75,259.59,267.96,235.27
23-03-2015,267.89,277.3,261.74,266.74,234.18
24-03-2015,266.58,267,244.15,245.6,236.46
25-03-2015,247.47,249.19,236.51,246.2,231.27
26-03-2015,246.28,254.35,244.9,248.53,226.39
27-03-2015,248.57,256.81,245.21,247.03,219.43
28-03-2015,246.98,254.21,246.98,252.8,229.29
29-03-2015,252.74,253.14,240.85,242.71,225.85
30-03-2015,242.88,249.24,239.21,247.53,225.81
31-03-2015,247.45,248.73,242.74,244.22,236.15
01-04-2015,244.22,247.54,241.16,247.27,232.08
02-04-2015,247.09,254.46,245.42,253.01,234.93
03-04-2015,253.07,256.04,251.88,254.32,240.36
04-04-2015,254.29,255.26,251.1,253.7,239.02
05-04-2015,253.76,260.67,251.94,260.6,236.12
06-04-2015,260.72,261.8,254.57,255.49,229.78
07-04-2015,255.27,255.8,252.21,253.18,237.33
08-04-2015,253.06,253.85,244.21,245.02,243.86
09-04-2015,244.75,246.12,239.4,243.68,241.83
10-04-2015,243.69,243.69,232.77,236.07,240.3
11-04-2015,236.02,239.54,234.18,236.55,242.16
12-04-2015,236.54,237.73,233.49,236.15,241.11
13-04-2015,235.95,236.93,222,224.59,236.38
14-04-2015,224.76,224.98,216.32,219.16,236.93
15-04-2015,219.07,223.83,218.65,223.83,237.6
16-04-2015,223.92,229.67,223.92,228.57,236.15
17-04-2015,228.57,228.91,221.94,222.88,236.8
18-04-2015,222.85,224.32,220.88,223.36,233.13
19-04-2015,223.46,226.35,222.37,222.6,231.95
20-04-2015,222.61,226.35,221.98,224.63,234.02
21-04-2015,224.62,235.27,224.3,235.27,235.34
22-04-2015,235.6,237.91,233.48,234.18,240.35
23-04-2015,234.05,236.48,233.2,236.46,238.87
24-04-2015,235.97,236.3,229.93,231.27,240.95
25-04-2015,231.24,232.56,226.34,226.39,237.11
26-04-2015,226.41,226.94,214.87,219.43,237.12
27-04-2015,219.43,233.3,218.02,229.29,237.28
28-04-2015,228.97,229.49,223.07,225.85,237.41
29-04-2015,225.59,227.04,223.43,225.81,237.1
30-04-2015,225.69,239.56,224.99,236.15,233.35
01-05-2015,235.94,238.97,232.08,232.08,230.19
02-05-2015,232.34,235.73,232.34,234.93,222.93
03-05-2015,234.88,243.24,234.08,240.36,225.8
04-05-2015,240.36,242.64,237.81,239.02,225.87
05-05-2015,238.85,239.2,232.05,236.12,224.32
06-05-2015,236.25,236.45,229.23,229.78,224.95
07-05-2015,229.66,239.1,228.57,237.33,225.62
08-05-2015,237.2,246.27,236.27,243.86,222.88
09-05-2015,243.77,247.8,239.64,241.83,228.49
10-05-2015,241.73,244.07,238.85,240.3,229.05
11-05-2015,240.3,244.27,239.38,242.16,228.8
12-05-2015,242.15,242.88,240.1,241.11,229.71
13-05-2015,241.4,243.7,235.04,236.38,229.98
14-05-2015,236.21,237.8,234.06,236.93,232.4
15-05-2015,236.96,238.75,236.79,237.6,233.54
16-05-2015,237.64,237.7,235.29,236.15,236.82
17-05-2015,236.01,238.02,236.01,236.8,250.9
18-05-2015,236.89,237.21,232.46,233.13,249.28
19-05-2015,233.04,234.15,231.82,231.95,249.01
20-05-2015,231.89,234.68,231.84,234.02,244.61
21-05-2015,234.02,236.24,233.84,235.34,245.21
22-05-2015,235.32,240.97,235.06,240.35,243.94
23-05-2015,240.29,241.02,238.69,238.87,246.99
24-05-2015,238.98,241.98,238.81,240.95,244.3
25-05-2015,240.93,241.02,236.64,237.11,240.51
26-05-2015,237.1,238.24,235.69,237.12,242.8
27-05-2015,237.07,238.64,236.7,237.28,243.59
28-05-2015,237.26,237.82,236.65,237.41,250.99
29-05-2015,237.38,237.52,235.73,237.1,249.01
30-05-2015,237.09,237.09,232.05,233.35,257.06
31-05-2015,233.13,233.25,229.54,230.19,263.07
01-06-2015,230.23,231.71,221.3,222.93,258.62
02-06-2015,222.89,226.42,222.42,225.8,255.41
03-06-2015,225.74,227.4,223.93,225.87,256.34
04-06-2015,225.77,226.58,224.05,224.32,260.89
05-06-2015,224.15,225.97,223.18,224.95,271.91
06-06-2015,225.01,225.72,224.38,225.62,269.03
07-06-2015,225.6,226.19,222.65,222.88,266.21
08-06-2015,222.88,229.46,222.84,228.49,270.79
09-06-2015,228.54,230.95,227.93,229.05,269.23
10-06-2015,228.99,229.78,228.01,228.8,284.89
11-06-2015,228.85,230.29,228.77,229.71,293.11
12-06-2015,229.71,231.06,229.31,229.98,310.87
13-06-2015,229.92,232.65,229.21,232.4,292.05
14-06-2015,232.44,234.86,232,233.54,287.46
15-06-2015,233.42,237.84,233.42,236.82,285.83
16-06-2015,236.76,251.74,236.12,250.9,278.09
17-06-2015,250.82,256.85,246.48,249.28,279.47
18-06-2015,249.43,252.11,244.13,249.01,274.9
19-06-2015,249.04,250.98,243.79,244.61,273.61
20-06-2015,244.53,245.83,240.63,245.21,278.98
21-06-2015,245.1,245.22,241.88,243.94,275.83
22-06-2015,243.97,247.92,243.78,246.99,277.22
23-06-2015,246.93,247.3,243.13,244.3,276.05
24-06-2015,244.28,244.34,240.51,240.51,288.28
25-06-2015,240.37,243.33,240.37,242.8,288.7
26-06-2015,242.6,243.75,241.55,243.59,292.69
27-06-2015,243.55,251.34,243.12,250.99,293.62
28-06-2015,250.96,251.17,247.43,249.01,294.43
29-06-2015,248.72,257.17,248.58,257.06,289.59
30-06-2015,257.04,267.87,255.95,263.07,287.72
01-07-2015,263.35,265.17,255.77,258.62,284.65
02-07-2015,258.55,261.63,254.12,255.41,281.6
03-07-2015,255.46,257.08,253.51,256.34,282.61
04-07-2015,256.49,261.46,254.2,260.89,281.23
05-07-2015,260.8,274.51,258.7,271.91,285.22
06-07-2015,271.11,277.42,267.6,269.03,281.88
07-07-2015,269.96,271.34,264.83,266.21,278.58
08-07-2015,265.98,272.97,264.39,270.79,279.58
09-07-2015,270.83,272.33,267.09,269.23,261
10-07-2015,269.16,294.59,268.8,284.89,265.08
11-07-2015,284.88,298.51,283.53,293.11,264.47
12-07-2015,293.14,314.39,292.51,310.87,270.39
13-07-2015,310.83,310.95,281.01,292.05,266.38
14-07-2015,292.03,296.15,286.64,287.46,264.08
15-07-2015,288.05,293.25,285.37,285.83,265.68
16-07-2015,286.04,291.18,275.24,278.09,261.55
17-07-2015,278.09,280.28,272.04,279.47,258.51
18-07-2015,279.33,282.53,274.08,274.9,257.98
19-07-2015,274.77,275.67,272.51,273.61,211.08
20-07-2015,273.5,278.98,272.96,278.98,226.68
21-07-2015,278.88,280.55,275.42,275.83,235.35
22-07-2015,275.66,277.67,274.38,277.22,232.57
23-07-2015,277.34,278.11,275.72,276.05,230.39
24-07-2015,276.01,289.25,275.25,288.28,228.17
25-07-2015,288.16,290.73,286,288.7,210.49
26-07-2015,288.64,293.05,287.71,292.69,221.61
27-07-2015,292.64,297.77,287.45,293.62,225.83
28-07-2015,293.63,296.65,293.42,294.43,224.77
29-07-2015,294.48,294.54,288.78,289.59,231.4
30-07-2015,289.1,290.13,286.57,287.72,229.78
31-07-2015,287.7,288.96,282.34,284.65,228.76
01-08-2015,284.69,284.93,278.11,281.6,230.06
02-08-2015,280.45,283.03,277.53,282.61,228.12
03-08-2015,282.81,285.47,280.23,281.23,229.28
04-08-2015,281.23,285.71,281.23,285.22,227.18
05-08-2015,284.85,285.5,281.49,281.88,230.3
06-08-2015,281.91,281.91,278.4,278.58,235.02
07-08-2015,278.74,280.39,276.37,279.58,239.84
08-08-2015,279.74,279.93,260.71,261,239.85
09-08-2015,261.12,267,260.47,265.08,243.61
10-08-2015,265.48,267.03,262.6,264.47,238.17
11-08-2015,264.34,270.39,264.09,270.39,238.48
12-08-2015,270.6,270.67,265.47,266.38,240.11
13-08-2015,266.18,266.23,262.84,264.08,235.23
14-08-2015,264.13,267.47,261.48,265.68,230.51
15-08-2015,265.53,266.67,261.3,261.55,230.64
16-08-2015,261.87,262.44,257.04,258.51,230.3
17-08-2015,258.49,260.51,257.12,257.98,229.09
18-08-2015,257.93,257.99,211.08,211.08,229.81
19-08-2015,225.67,237.41,222.77,226.68,232.98
20-08-2015,226.9,237.37,226.9,235.35,231.49
21-08-2015,235.35,236.43,231.72,232.57,231.21
22-08-2015,232.66,234.96,222.7,230.39,227.09
23-08-2015,230.38,232.71,225.58,228.17,230.62
24-08-2015,228.11,228.14,210.44,210.49,230.28
25-08-2015,210.07,226.32,199.57,221.61,234.53
26-08-2015,222.08,231.18,220.2,225.83,235.14
27-08-2015,226.05,228.64,223.68,224.77,234.34
28-08-2015,224.7,235.22,220.93,231.4,232.76
29-08-2015,231.55,233.22,227.33,229.78,239.14
30-08-2015,229.9,232.07,226.25,228.76,236.69
31-08-2015,229.11,231.96,225.91,230.06,236.06
01-09-2015,230.26,231.22,226.86,228.12,237.55
02-09-2015,228.03,230.58,226.48,229.28,237.29
03-09-2015,229.32,229.6,226.67,227.18,238.73
04-09-2015,227.21,230.9,227.05,230.3,238.26
05-09-2015,230.2,236.14,229.44,235.02,240.38
06-09-2015,234.87,242.91,234.68,239.84,246.06
07-09-2015,239.93,242.11,238.72,239.85,242.97
08-09-2015,239.85,245.78,239.68,243.61,242.3
09-09-2015,243.41,244.42,237.82,238.17,243.93
10-09-2015,238.34,241.29,235.79,238.48,244.94
11-09-2015,238.33,241.17,238.33,240.11,247.05
12-09-2015,239.85,240.12,234.75,235.23,245.31
13-09-2015,235.24,235.93,229.33,230.51,249.51
14-09-2015,230.61,232.44,227.96,230.64,251.99
15-09-2015,230.49,259.18,229.82,230.3,254.32
16-09-2015,230.25,231.21,227.4,229.09,262.87
17-09-2015,229.08,230.29,228.93,229.81,270.64
18-09-2015,233.52,234.35,232.18,232.98,261.64
19-09-2015,232.86,233.21,231.09,231.49,263.44
20-09-2015,231.4,232.37,230.91,231.21,269.46
21-09-2015,231.22,231.22,226.52,227.09,266.27
22-09-2015,226.97,232.39,225.12,230.62,274.02
23-09-2015,230.94,231.84,229.59,230.28,276.5
24-09-2015,230.36,235.65,230.29,234.53,281.65
25-09-2015,234.36,237.43,233.68,235.14,283.68
26-09-2015,235.08,235.4,233.36,234.34,285.3
27-09-2015,234.14,234.53,232.48,232.76,293.79
28-09-2015,232.84,239.34,232.47,239.14,304.62
29-09-2015,239.02,239.8,235.93,236.69,313.86
30-09-2015,236.64,237.73,235.63,236.06,328.02
01-10-2015,236,238.45,235.62,237.55,314.17
02-10-2015,237.26,238.54,236.6,237.29,325.43
03-10-2015,237.2,239.32,236.94,238.73,361.19
04-10-2015,238.53,238.97,237.94,238.26,403.42
05-10-2015,238.15,240.38,237.04,240.38,411.56
06-10-2015,240.36,246.93,240.14,246.06,386.35
07-10-2015,246.17,246.68,242.59,242.97,374.47
08-10-2015,243.07,244.25,242.18,242.3,386.48
09-10-2015,242.5,244.23,242.12,243.93,373.37
10-10-2015,243.74,245.32,243.07,244.94,380.26
11-10-2015,244.74,247.24,244.15,247.05,336.82
12-10-2015,246.88,247.45,245.18,245.31,311.08
13-10-2015,245.2,250.24,243.76,249.51,338.15
14-10-2015,249.49,254.27,248.9,251.99,336.75
15-10-2015,252.11,255.96,252.05,254.32,332.91
16-10-2015,254.3,266.14,253.93,262.87,320.17
17-10-2015,262.75,273.58,262.37,270.64,330.75
18-10-2015,270.91,271.67,260.78,261.64,335.09
19-10-2015,261.86,264.82,260.95,263.44,334.59
20-10-2015,263.57,270.83,263.23,269.46,326.15
21-10-2015,269.31,270.77,263.84,266.27,322.02
22-10-2015,266.5,276.51,266.14,274.02,326.93
23-10-2015,273.65,278.68,273.54,276.5,324.54
24-10-2015,276.5,281.71,276.5,281.65,323.05
25-10-2015,281.45,294.06,281.45,283.68,320.05
26-10-2015,283.63,285.3,280.51,285.3,328.21
27-10-2015,285.18,296.21,285.01,293.79,352.68
28-10-2015,293.7,306.33,293.7,304.62,358.04
29-10-2015,304.32,318.17,301.82,313.86,357.38
30-10-2015,313.94,334.17,313.94,328.02,371.29
31-10-2015,328.51,332.78,309.25,314.17,377.32
01-11-2015,315.01,327.47,311.88,325.43,362.49
02-11-2015,325.94,365.36,323.21,361.19,359.19
03-11-2015,361.87,417.9,357.65,403.42,361.05
04-11-2015,403.66,495.56,380.55,411.56,363.18
05-11-2015,408.08,447.56,374.58,386.35,388.95
06-11-2015,388.05,395.84,354.02,374.47,388.78
07-11-2015,374.27,390.59,372.43,386.48,395.54
08-11-2015,384.28,389.89,368.7,373.37,415.56
09-11-2015,374.32,385.28,362.89,380.26,417.56
10-11-2015,379.98,381.39,329.11,336.82,415.48
11-11-2015,339.82,340.58,301,311.08,451.94
12-11-2015,314.08,345.08,313.36,338.15,435
13-11-2015,338.5,340.91,326.08,336.75,433.76
14-11-2015,336.62,338.18,329.97,332.91,444.18
15-11-2015,333.05,334.66,317.49,320.17,465.32
16-11-2015,319.73,331.63,315.9,330.75,454.93
17-11-2015,330.36,338.35,329.61,335.09,456.08
18-11-2015,334.59,336.53,330.64,334.59,463.62
19-11-2015,334.68,335.33,325.27,326.15,462.32
20-11-2015,326.41,326.47,312.22,322.02,442.68
21-11-2015,322.09,328.16,319.6,326.93,438.64
22-11-2015,326.98,327.01,321.26,324.54,436.57
23-11-2015,324.35,325.12,321.29,323.05,442.4
24-11-2015,323.01,323.06,318.12,320.05,454.98
25-11-2015,320.05,329.13,316.77,328.21,455.65
26-11-2015,328.3,366.76,328.23,352.68,417.27
27-11-2015,351.86,363.59,347.87,358.04,422.82
28-11-2015,357.14,359.54,352.17,357.38,422.28
29-11-2015,357.47,371.94,355.67,371.29,432.98
30-11-2015,371.44,382.36,370.38,377.32,426.62
01-12-2015,377.41,378.93,356.56,362.49,430.57
02-12-2015,361.85,362.23,349.46,359.19,434.33
03-12-2015,359.33,370.27,357.41,361.05,433.44
04-12-2015,361.26,363.52,355.76,363.18,430.01
05-12-2015,363.72,389.79,363.23,388.95,433.09
06-12-2015,389.55,402.81,387.09,388.78,431.96
07-12-2015,389.98,399.97,385.41,395.54,429.11
08-12-2015,395.75,415.56,389.95,415.56,458.05
09-12-2015,414.44,423.12,406.29,417.56,453.23
10-12-2015,417.99,419.51,411.55,415.48,447.61
11-12-2015,415.28,451.94,415.28,451.94,447.99
12-12-2015,452.33,469.1,410.74,435,448.43
13-12-2015,431.66,441.68,426.27,433.76,435.69
14-12-2015,433.27,447.14,430.46,444.18,432.37
15-12-2015,443.88,465.32,443.88,465.32,430.31
16-12-2015,465.21,465.21,443.85,454.93,364.33
17-12-2015,454.78,457.86,448.86,456.08,387.54
18-12-2015,455.85,465.18,454.94,463.62,382.3
19-12-2015,463.55,465.58,456.77,462.32,387.17
20-12-2015,462.23,462.64,434.34,442.68,380.15
21-12-2015,442.84,444.73,427.31,438.64,420.23
22-12-2015,437.44,443.69,435.52,436.57,410.26
23-12-2015,436.72,444.53,436.62,442.4,382.49
24-12-2015,443.09,458.46,443.08,454.98,387.49
25-12-2015,454.86,458.3,452.08,455.65,402.97
26-12-2015,455.76,457.49,405.76,417.27,391.73
27-12-2015,416.51,424.01,408.88,422.82,392.15
28-12-2015,423.34,429.77,418.48,422.28,394.97
29-12-2015,422.1,432.98,420.63,432.98,380.29
30-12-2015,433.3,434.39,422.08,426.62,379.47
31-12-2015,425.88,432.92,418.73,430.57,378.26
01-01-2016,430.72,436.25,427.52,434.33,368.77
02-01-2016,434.62,436.06,431.87,433.44,373.06
03-01-2016,433.58,433.74,424.71,430.01,374.45
04-01-2016,430.06,434.52,429.08,433.09,369.95
05-01-2016,433.07,434.18,429.68,431.96,389.59
06-01-2016,431.86,431.86,426.34,429.11,386.55
07-01-2016,430.01,458.77,429.08,458.05,376.52
08-01-2016,457.54,462.93,447.94,453.23,376.62
09-01-2016,453.38,454.64,446.89,447.61,373.45
10-01-2016,448.24,448.31,440.35,447.99,376.03
11-01-2016,448.7,450.66,443.86,448.43,381.65
12-01-2016,448.18,448.18,435.69,435.69,379.65
13-01-2016,434.67,435.19,424.44,432.37,384.26
14-01-2016,432.29,433.32,427.85,430.31,391.86
15-01-2016,430.26,430.26,364.33,364.33,407.23
16-01-2016,365.07,390.56,354.91,387.54,400.18
17-01-2016,387.15,390.96,380.09,382.3,407.49
18-01-2016,381.73,388.1,376.67,387.17,416.32
19-01-2016,387.03,387.73,378.97,380.15,422.37
20-01-2016,379.74,425.27,376.6,420.23,420.79
21-01-2016,419.63,422.88,406.3,410.26,437.16
22-01-2016,409.75,410.41,375.28,382.49,438.8
23-01-2016,382.43,394.54,381.98,387.49,437.75
24-01-2016,388.1,405.48,387.51,402.97,420.74
25-01-2016,402.32,402.32,388.55,391.73,424.95
26-01-2016,392,397.77,390.58,392.15,424.54
27-01-2016,392.44,396.84,391.78,394.97,432.15
28-01-2016,395.15,395.5,379.73,380.29,432.52
29-01-2016,380.11,384.38,365.45,379.47,433.5
30-01-2016,378.86,380.92,376.49,378.26,437.7
31-01-2016,378.29,380.35,367.83,368.77,435.12
01-02-2016,369.35,378.07,367.96,373.06,423.99
02-02-2016,372.92,375.88,372.92,374.45,421.65
03-02-2016,374.65,374.95,368.05,369.95,410.94
04-02-2016,370.17,391.61,369.99,389.59,400.57
05-02-2016,388.9,391.09,385.57,386.55,407.71
06-02-2016,386.59,386.63,372.39,376.52,414.32
07-02-2016,376.51,380.87,374.9,376.62,413.97
08-02-2016,376.76,379.88,373.33,373.45,414.86
09-02-2016,373.42,377.25,372.9,376.03,417.13
10-02-2016,376.15,385.48,375.78,381.65,421.69
11-02-2016,382.11,383.13,376.4,379.65,411.62
12-02-2016,379.69,384.95,379.6,384.26,414.07
13-02-2016,384.64,391.86,384.64,391.86,416.44
14-02-2016,392.93,407.23,392.93,407.23,416.83
15-02-2016,407.57,410.38,397.75,400.18,417.01
16-02-2016,401.43,408.95,401.43,407.49,420.62
17-02-2016,407.66,421.17,406.78,416.32,409.55
18-02-2016,416.57,426,415.64,422.37,410.44
19-02-2016,422.73,423.1,417.6,420.79,413.76
20-02-2016,421.6,441.98,421.6,437.16,413.31
21-02-2016,437.77,448.05,429.08,438.8,418.09
22-02-2016,438.99,439.05,432.92,437.75,418.04
23-02-2016,438.26,439.86,417.82,420.74,416.39
24-02-2016,420.96,425.55,413.91,424.95,417.18
25-02-2016,425.04,427.72,420.42,424.54,417.95
26-02-2016,424.63,432.15,421.62,432.15,426.77
27-02-2016,432.84,434.23,428.1,432.52,424.23
28-02-2016,432.57,435.68,423.82,433.5,416.52
29-02-2016,433.44,441.51,431.69,437.7,414.82
01-03-2016,437.92,439.65,432.32,435.12,416.73
02-03-2016,435.13,435.92,423.99,423.99,417.96
03-03-2016,423.91,425.37,419.41,421.65,420.87
04-03-2016,421.84,425.18,410.94,410.94,420.9
05-03-2016,410.78,411.26,394.04,400.57,421.44
06-03-2016,400.52,411.91,395.78,407.71,424.03
07-03-2016,407.76,415.92,406.31,414.32,423.41
08-03-2016,414.46,416.24,411.09,413.97,422.74
09-03-2016,413.89,416.03,411.61,414.86,420.35
10-03-2016,414.74,417.51,413.25,417.13,419.41
11-03-2016,417.24,423.93,417.01,421.69,421.56
12-03-2016,421.61,421.8,410.09,411.62,422.48
13-03-2016,411.65,416.6,411.64,414.07,425.19
14-03-2016,414.2,416.68,414.2,416.44,423.73
15-03-2016,416.39,418.13,414.98,416.83,424.28
16-03-2016,416.89,417.69,415.91,417.01,429.71
17-03-2016,417.89,421,417.89,420.62,430.57
18-03-2016,420.55,420.55,406.14,409.55,427.4
19-03-2016,409.27,410.98,407.23,410.44,428.59
20-03-2016,410.4,414.63,410.4,413.76,435.51
21-03-2016,413.42,413.42,410.38,413.31,441.39
22-03-2016,413.13,418.38,412.53,418.09,449.42
23-03-2016,418.16,419.27,417.36,418.04,445.74
24-03-2016,418.42,418.68,415.49,416.39,450.28
25-03-2016,416.51,418.08,415.56,417.18,458.55
26-03-2016,417.36,418.99,416.26,417.95,461.43
27-03-2016,418.14,428.8,417.71,426.77,466.09
28-03-2016,426.55,426.86,423.29,424.23,444.69
29-03-2016,424.3,426.2,412.68,416.52,449.01
30-03-2016,416.83,416.83,412.5,414.82,455.1
31-03-2016,415.26,418.37,415.26,416.73,448.32
01-04-2016,416.76,418.17,415.83,417.96,451.88
02-04-2016,418.42,422.08,418.42,420.87,444.67
03-04-2016,421.17,421.58,419.7,420.9,450.3
04-04-2016,421.3,422.34,419.6,421.44,446.72
05-04-2016,421.02,424.26,420.61,424.03,447.98
06-04-2016,424.28,424.53,422.73,423.41,459.6
07-04-2016,423.62,423.66,420.52,422.74,458.54
08-04-2016,422.91,425.36,419.64,420.35,458.55
09-04-2016,420.81,420.89,416.52,419.41,460.48
10-04-2016,419.59,422.43,419.26,421.56,450.89
11-04-2016,421.87,422.74,420.53,422.48,452.73
12-04-2016,422.84,427.28,422.84,425.19,454.77
13-04-2016,425.63,426.66,422.92,423.73,455.67
14-04-2016,423.93,425.37,423.01,424.28,455.67
15-04-2016,424.43,429.93,424.43,429.71,457.57
16-04-2016,429.58,432.63,428.98,430.57,454.16
17-04-2016,430.64,431.37,426.08,427.4,453.78
18-04-2016,427.61,429.27,427.09,428.59,454.62
19-04-2016,428.7,436.02,428.1,435.51,438.71
20-04-2016,435.32,443.05,434.41,441.39,442.68
21-04-2016,441.42,450.55,440.95,449.42,443.19
22-04-2016,449.69,449.81,444.15,445.74,439.32
23-04-2016,445.86,450.28,444.33,450.28,444.15
24-04-2016,450.56,460.15,448.93,458.55,445.98
25-04-2016,459.12,466.62,453.59,461.43,449.6
26-04-2016,461.65,467.96,461.62,466.09,453.38
27-04-2016,466.26,467.08,444.13,444.69,473.46
28-04-2016,445.04,449.55,436.65,449.01,530.04
29-04-2016,449.41,455.38,446.02,455.1,526.23
30-04-2016,455.18,455.59,447.7,448.32,533.86
01-05-2016,448.48,452.48,447.93,451.88,531.39
02-05-2016,451.93,452.45,441.78,444.67,536.92
03-05-2016,444.73,451.1,442.62,450.3,537.97
04-05-2016,450.18,450.38,445.63,446.72,569.19
05-05-2016,446.71,448.51,445.88,447.98,572.73
06-05-2016,447.94,461.38,447.07,459.6,574.98
07-05-2016,459.64,460.67,457.32,458.54,585.54
08-05-2016,458.43,459.42,455.98,458.55,576.6
09-05-2016,458.21,462.48,456.53,460.48,581.65
10-05-2016,460.52,461.93,448.95,450.89,574.63
11-05-2016,450.86,454.58,450.86,452.73,577.47
12-05-2016,452.45,454.95,449.25,454.77,606.73
13-05-2016,454.85,457.05,453.45,455.67,672.78
14-05-2016,455.82,456.84,454.79,455.67,704.38
15-05-2016,455.76,458.69,455.46,457.57,685.56
16-05-2016,457.59,458.2,452.95,454.16,694.47
17-05-2016,454.01,455.07,453.61,453.78,766.31
18-05-2016,453.69,456,453.3,454.62,748.91
19-05-2016,454.52,454.63,438.71,438.71,756.23
20-05-2016,437.79,444.05,437.39,442.68,763.78
21-05-2016,442.97,443.78,441.71,443.19,737.23
22-05-2016,443.22,443.43,439.04,439.32,666.65
23-05-2016,439.35,444.35,438.82,444.15,596.12
24-05-2016,444.29,447.1,443.93,445.98,623.98
25-05-2016,446.06,450.3,446.06,449.6,665.3
26-05-2016,449.67,453.64,447.9,453.38,665.12
27-05-2016,453.52,478.15,453.52,473.46,629.37
28-05-2016,473.03,533.47,472.7,530.04,655.28
29-05-2016,527.48,553.96,512.18,526.23,647
30-05-2016,528.47,544.35,522.96,533.86,639.89
31-05-2016,534.19,546.62,520.66,531.39,673.34
01-06-2016,531.11,543.08,525.64,536.92,676.3
02-06-2016,536.52,540.35,533.08,537.97,703.7
03-06-2016,537.68,574.64,536.92,569.19,658.66
04-06-2016,569.71,590.13,564.24,572.73,683.66
05-06-2016,573.31,582.81,569.18,574.98,670.63
06-06-2016,574.6,586.47,574.6,585.54,677.33
07-06-2016,585.45,590.26,567.51,576.6,640.56
08-06-2016,577.17,582.84,573.13,581.65,666.52
09-06-2016,582.2,582.2,570.95,574.63,650.96
10-06-2016,575.84,579.13,573.33,577.47,649.36
11-06-2016,578.67,607.12,578.67,606.73,647.66
12-06-2016,609.68,684.84,607.04,672.78,664.55
13-06-2016,671.65,716,664.49,704.38,654.47
14-06-2016,704.5,704.5,662.8,685.56,658.08
15-06-2016,685.68,696.3,672.56,694.47,663.26
16-06-2016,696.52,773.72,696.52,766.31,660.77
17-06-2016,768.49,775.36,716.56,748.91,679.46
18-06-2016,748.76,777.99,733.93,756.23,673.11
19-06-2016,756.69,766.62,745.63,763.78,672.86
20-06-2016,763.93,764.08,732.73,737.23,665.68
21-06-2016,735.88,735.88,639.07,666.65,665.01
22-06-2016,665.91,678.67,587.48,596.12,650.62
23-06-2016,597.44,629.33,558.14,623.98,655.56
24-06-2016,625.58,681.73,625.27,665.3,661.28
25-06-2016,665.28,691.73,646.56,665.12,654.1
26-06-2016,665.93,665.98,616.93,629.37,651.78
27-06-2016,629.35,655.28,620.52,655.28,654.35
28-06-2016,658.1,659.25,637.77,647,655.03
29-06-2016,644.12,644.68,628.28,639.89,656.99
30-06-2016,640.59,675.4,636.61,673.34,655.05
01-07-2016,672.52,686.15,669.59,676.3,624.68
02-07-2016,676.73,703.7,676.4,703.7,606.27
03-07-2016,704.97,704.97,649.01,658.66,547.47
04-07-2016,658.8,683.66,650.51,683.66,566.35
05-07-2016,683.21,683.49,665.07,670.63,578.29
06-07-2016,670.42,681.9,670.42,677.33,575.04
07-07-2016,678.09,682.43,611.83,640.56,587.78
08-07-2016,640.69,666.71,636.47,666.52,592.69
09-07-2016,666.38,666.38,633.4,650.96,591.05
10-07-2016,650.6,652.29,641.26,649.36,587.8
11-07-2016,648.48,659.63,644.98,647.66,592.1
12-07-2016,648.28,675.26,646.78,664.55,589.12
13-07-2016,664.8,668.7,654.47,654.47,587.56
14-07-2016,652.92,662.9,652.92,658.08,585.59
15-07-2016,659.17,667.08,659.04,663.26,570.47
16-07-2016,663.78,666.46,659.33,660.77,567.24
17-07-2016,661.99,682.36,661.99,679.46,577.44
18-07-2016,679.81,681.55,668.63,673.11,573.22
19-07-2016,672.74,673.28,667.63,672.86,574.32
20-07-2016,672.81,672.93,663.36,665.68,575.63
21-07-2016,665.23,666.22,660.41,665.01,581.7
22-07-2016,664.92,666.58,646.72,650.62,581.31
23-07-2016,650.73,656.37,648.52,655.56,586.75
24-07-2016,655.41,663.11,652.79,661.28,583.41
25-07-2016,661.26,661.83,653.4,654.1,580.18
26-07-2016,654.23,656.22,645.88,651.78,577.76
27-07-2016,651.63,657.46,648.45,654.35,579.65
28-07-2016,654.49,657.59,654.49,655.03,569.95
29-07-2016,655.11,657.8,654.79,656.99,573.91
30-07-2016,657.01,658.22,654.21,655.05,574.11
31-07-2016,655.1,655.28,624.36,624.68,577.5
01-08-2016,624.6,626.12,605.88,606.27,575.47
02-08-2016,606.4,612.85,531.33,547.47,572.3
03-08-2016,548.66,573.36,541.55,566.35,575.54
04-08-2016,566.33,579.5,565.78,578.29,598.21
05-08-2016,578.28,578.28,569.98,575.04,608.63
06-08-2016,575.03,588.4,569.47,587.78,606.59
07-08-2016,587.77,597.51,586.82,592.69,610.44
08-08-2016,592.74,592.99,588.05,591.05,614.54
09-08-2016,591.04,591.09,584.79,587.8,626.32
10-08-2016,587.65,599.98,586.37,592.1,622.86
11-08-2016,592.12,597.54,589.12,589.12,623.51
12-08-2016,588.8,589.91,583.81,587.56,606.72
13-08-2016,587.36,589.77,584.98,585.59,608.24
14-08-2016,585.59,585.67,564.78,570.47,609.24
15-08-2016,570.49,573.58,563.24,567.24,610.68
16-08-2016,567.24,581.74,566.72,577.44,607.16
17-08-2016,577.76,580.89,571.43,573.22,606.97
18-08-2016,573.71,577.79,573.43,574.32,605.98
19-08-2016,574.34,578.24,574.18,575.63,609.87
20-08-2016,576.08,582.82,575.46,581.7,609.23
21-08-2016,581.94,584.16,580.22,581.31,608.31
22-08-2016,581.31,588.45,580.59,586.75,597.15
23-08-2016,586.77,589.47,581.63,583.41,596.3
24-08-2016,583.41,583.59,579.85,580.18,602.84
25-08-2016,580.18,580.45,575.17,577.76,602.63
26-08-2016,577.75,580.62,576.86,579.65,600.83
27-08-2016,579.45,579.84,568.63,569.95,608.04
28-08-2016,569.83,574.04,569.74,573.91,606.17
29-08-2016,574.07,576.28,573.47,574.11,604.73
30-08-2016,574.11,578.36,574.11,577.5,605.69
31-08-2016,577.59,577.86,573.64,575.47,609.73
01-09-2016,575.55,576.31,571.81,572.3,613.98
02-09-2016,572.41,575.64,570.81,575.54,610.89
03-09-2016,575.55,599.5,574.06,598.21,612.13
04-09-2016,598.59,611.84,596.85,608.63,610.2
05-09-2016,608.99,609.05,602.24,606.59,612.51
06-09-2016,606.51,610.83,605.09,610.44,613.02
07-09-2016,610.57,614.54,608.51,614.54,617.12
08-09-2016,614.64,628.77,613.84,626.32,619.11
09-09-2016,626.35,626.83,620.26,622.86,616.75
10-09-2016,622.93,625.09,622.4,623.51,618.99
11-09-2016,623.42,628.82,600.51,606.72,641.07
12-09-2016,607.01,608.46,605.41,608.24,636.19
13-09-2016,608.03,611.19,606.92,609.24,636.79
14-09-2016,608.84,611.95,608.41,610.68,640.38
15-09-2016,610.59,611.09,607.16,607.16,638.65
16-09-2016,607.25,609.26,606.73,606.97,641.63
17-09-2016,607.22,607.86,605.19,605.98,639.19
18-09-2016,606.28,610.16,605.86,609.87,637.96
19-09-2016,609.87,610.93,608.27,609.23,630.52
20-09-2016,609.25,609.53,607.94,608.31,630.86
21-09-2016,603.59,603.59,595.88,597.15,632.83
22-09-2016,597.28,598.49,596.21,596.3,657.29
23-09-2016,596.2,603.21,595.79,602.84,657.07
24-09-2016,602.96,604.58,602.04,602.63,653.76
25-09-2016,602.75,603.38,599.71,600.83,657.59
26-09-2016,600.81,608.14,600.35,608.04,678.3
27-09-2016,608.02,608.25,604.11,606.17,688.31
28-09-2016,606.24,606.59,604.61,604.73,689.65
29-09-2016,605.02,606.82,604.85,605.69,714.48
30-09-2016,605.72,609.73,604.14,609.73,701.86
01-10-2016,609.93,615.24,609.93,613.98,700.97
02-10-2016,613.95,614.01,609.68,610.89,729.79
03-10-2016,610.97,612.57,610.46,612.13,740.83
04-10-2016,612.05,612.05,609.48,610.2,688.7
05-10-2016,610.22,613.81,609.62,612.51,703.23
06-10-2016,612.47,613.82,611.47,613.02,703.42
07-10-2016,612.61,617.91,611.82,617.12,711.52
08-10-2016,617.34,619.85,617.34,619.11,703.13
09-10-2016,619.17,619.2,616.61,616.75,709.85
10-10-2016,616.82,621.32,616.2,618.99,723.27
11-10-2016,619.24,642.08,618.5,641.07,715.53
12-10-2016,640.87,641.34,635.97,636.19,716.41
13-10-2016,636.03,638.83,635.03,636.79,705.05
14-10-2016,637.01,641.28,637.01,640.38,702.03
15-10-2016,640.31,642.1,637.39,638.65,705.02
16-10-2016,639.08,642.9,638.9,641.63,711.62
17-10-2016,641.82,642.33,638.66,639.19,744.2
18-10-2016,639.41,640.74,636,637.96,740.98
19-10-2016,638.13,638.87,628.01,630.52,751.59
20-10-2016,630.66,631.92,628.26,630.86,751.62
21-10-2016,630.83,634.09,630.69,632.83,731.03
22-10-2016,633.14,658.2,632.85,657.29,739.25
23-10-2016,657.62,661.13,653.89,657.07,751.35
24-10-2016,657.16,657.25,652.59,653.76,744.59
25-10-2016,654,664.42,653.7,657.59,740.29
26-10-2016,657.68,679.73,657.68,678.3,741.65
27-10-2016,678.21,688.59,678.04,688.31,735.38
28-10-2016,688,690.44,684.16,689.65,732.03
29-10-2016,690.29,720.4,690.05,714.48,735.81
30-10-2016,714.12,714.12,696.47,701.86,735.6
31-10-2016,702.64,709.29,691.68,700.97,745.69
01-11-2016,701.34,736.45,701.34,729.79,756.77
02-11-2016,730.07,740.83,722.35,740.83,777.94
03-11-2016,742.35,745.77,678.16,688.7,771.16
04-11-2016,689.12,706.93,685.56,703.23,773.87
05-11-2016,703.53,707.51,697.74,703.42,758.7
06-11-2016,703.81,714.26,699.56,711.52,764.22
07-11-2016,710.74,710.74,699.9,703.13,768.13
08-11-2016,703.09,712.99,702.39,709.85,770.81
09-11-2016,709.83,740.05,708.61,723.27,772.79
10-11-2016,722.84,723.02,711.21,715.53,774.65
11-11-2016,715.55,718.32,714.41,716.41,769.73
12-11-2016,716.75,717.15,704.03,705.05,780.09
13-11-2016,705.2,705.26,687.32,702.03,780.56
14-11-2016,702,706.28,699.81,705.02,781.48
15-11-2016,705.79,715.72,705.26,711.62,778.09
16-11-2016,711.17,747.61,709.04,744.2,784.91
17-11-2016,744.88,755.65,739.51,740.98,790.83
18-11-2016,740.71,752.88,736.89,751.59,790.53
19-11-2016,751.83,756.24,744.47,751.62,792.71
20-11-2016,751.88,755.48,717.94,731.03,800.88
21-11-2016,731.27,741.72,730.51,739.25,834.28
22-11-2016,739.64,753.87,736.53,751.35,864.54
23-11-2016,751.74,752.25,738.92,744.59,921.98
24-11-2016,744.62,746.83,733.49,740.29,898.82
25-11-2016,740.44,741.65,734.59,741.65,896.18
26-11-2016,741.51,742.21,729.63,735.38,907.61
27-11-2016,735.44,739.02,731.09,732.03,933.2
28-11-2016,732.48,738.01,732.48,735.81,975.92
29-11-2016,736.33,737.47,734.56,735.6,973.5
30-11-2016,736.28,747.93,736.27,745.69,961.24
01-12-2016,746.05,758.28,746.05,756.77,963.74
02-12-2016,757.54,781.3,757.54,777.94,998.33
03-12-2016,778.25,778.25,764.86,771.16,1021.75
04-12-2016,771.64,773.87,768.16,773.87,1043.84
05-12-2016,773.39,773.47,751.71,758.7,1154.73
06-12-2016,758.72,765.62,758.72,764.22,1013.38
07-12-2016,764.21,771.54,759.75,768.13,902.2
08-12-2016,768.08,774.7,765.95,770.81,908.59
09-12-2016,769.94,774.53,769.65,772.79,911.2
10-12-2016,773.02,777.09,772.91,774.65,902.83
11-12-2016,774.75,774.8,765.41,769.73,907.68
12-12-2016,770.04,781.92,770.04,780.09,777.76
13-12-2016,780.65,788.46,777.96,780.56,804.83
14-12-2016,780.01,782.03,776.84,781.48,823.98
15-12-2016,780.07,781.43,777.8,778.09,818.41
16-12-2016,778.96,785.03,778.96,784.91,821.8
17-12-2016,785.17,792.51,784.86,790.83,831.53
18-12-2016,791.01,794.74,788.03,790.53,907.94
19-12-2016,790.69,793.61,790.32,792.71,886.62
20-12-2016,792.25,801.34,791.5,800.88,899.07
21-12-2016,800.64,834.28,799.41,834.28,895.03
22-12-2016,834.18,875.78,834.15,864.54,921.79
23-12-2016,864.89,925.12,864.68,921.98,924.67
24-12-2016,922.18,923.48,886.34,898.82,921.01
25-12-2016,899.65,899.65,862.42,896.18,892.69
26-12-2016,896.91,913.18,896.9,907.61,901.54
27-12-2016,908.35,940.05,904.26,933.2,917.59
28-12-2016,934.83,975.92,934.83,975.92,919.75
29-12-2016,975.13,979.4,954.5,973.5,921.59
30-12-2016,972.53,972.53,934.83,961.24,919.5
31-12-2016,960.63,963.74,947.24,963.74,920.38
01-01-2017,963.66,1003.08,958.7,998.33,970.4
02-01-2017,998.62,1031.39,996.7,1021.75,989.02
03-01-2017,1021.6,1044.08,1021.6,1043.84,1011.8
04-01-2017,1044.4,1159.42,1044.4,1154.73,1029.91
05-01-2017,1156.73,1191.1,910.42,1013.38,1042.9
06-01-2017,1014.24,1046.81,883.94,902.2,1027.34
07-01-2017,903.49,908.59,823.56,908.59,1038.15
08-01-2017,908.17,942.72,887.25,911.2,1061.35
09-01-2017,913.24,913.69,879.81,902.83,1063.07
10-01-2017,902.44,914.87,901.06,907.68,994.38
11-01-2017,908.11,919.45,762.77,777.76,988.67
12-01-2017,775.18,826.25,755.76,804.83,1004.45
13-01-2017,803.74,829,780,823.98,999.18
14-01-2017,825.14,835.09,812.46,818.41,990.64
15-01-2017,818.14,823.31,812.87,821.8,1004.55
16-01-2017,821.78,834.53,820.27,831.53,1007.48
17-01-2017,830.95,910.56,830.8,907.94,1027.44
18-01-2017,909.37,917.5,858.3,886.62,1046.21
19-01-2017,888.34,904.61,884.34,899.07,1054.42
20-01-2017,898.17,899.4,887.01,895.03,1047.87
21-01-2017,895.55,927.37,895.53,921.79,1079.98
22-01-2017,922.21,937.53,897.56,924.67,1115.3
23-01-2017,925.5,928.27,916.74,921.01,1117.44
24-01-2017,910.68,924.15,892.29,892.69,1166.72
25-01-2017,891.92,903.25,891.69,901.54,1173.68
26-01-2017,902.4,919.33,902.22,917.59,1143.84
27-01-2017,918.36,923.22,915.85,919.75,1165.2
28-01-2017,919.81,923.91,919.81,921.59,1179.97
29-01-2017,922.07,923.42,919.15,919.5,1179.97
30-01-2017,920.15,923.05,919.47,920.38,1222.5
31-01-2017,920.96,972.02,920.96,970.4,1251.01
01-02-2017,970.94,989.11,970.74,989.02,1274.99
02-02-2017,990,1013.52,983.22,1011.8,1255.15
03-02-2017,1011.46,1033.87,1008.79,1029.91,1267.12
04-02-2017,1031.33,1045.9,1015.16,1042.9,1272.83
05-02-2017,1043.52,1043.63,1022.37,1027.34,1223.54
06-02-2017,1028.4,1044.64,1028.16,1038.15,1150
07-02-2017,1040.14,1061.93,1040.14,1061.35,1188.49
08-02-2017,1062.32,1078.97,1037.49,1063.07,1116.72
09-02-2017,1064.7,1088.99,953.34,994.38,1175.83
10-02-2017,995.63,998.91,946.69,988.67,1221.38
11-02-2017,988.9,1009.29,982.83,1004.45,1231.92
12-02-2017,1003.52,1004.76,996.92,999.18,1240
13-02-2017,998.89,1002.1,976,990.64,1249.61
14-02-2017,991.73,1011.51,986.47,1004.55,1187.81
15-02-2017,1006.21,1008.84,1001.58,1007.48,1100.23
16-02-2017,1007.65,1033.37,1007.65,1027.44,973.82
17-02-2017,1026.12,1053.17,1025.64,1046.21,1036.74
18-02-2017,1049.21,1061.1,1046.96,1054.42,1054.23
19-02-2017,1054.76,1056.81,1043.46,1047.87,1120.54
20-02-2017,1048.69,1080.49,1041.69,1079.98,1049.14
21-02-2017,1079.28,1117.25,1076.93,1115.3,1038.59
22-02-2017,1114.8,1125.39,1100.55,1117.44,937.52
23-02-2017,1117.27,1176.62,1116.96,1166.72,972.78
24-02-2017,1172.71,1200.39,1131.96,1173.68,966.72
25-02-2017,1170.41,1174.85,1124.59,1143.84,1045.77
26-02-2017,1144.27,1167.47,1130.2,1165.2,1047.15
27-02-2017,1163.78,1181.98,1163.38,1179.97,1039.97
28-02-2017,1180.72,1193.25,1171.82,1179.97,1026.43
01-03-2017,1180.04,1222.5,1179.69,1222.5,1071.79
02-03-2017,1224.68,1262.13,1215.62,1251.01,1080.5
03-03-2017,1250.71,1280.31,1250.71,1274.99,1102.17
04-03-2017,1277.43,1279.4,1230.51,1255.15,1143.81
05-03-2017,1254.29,1267.29,1238.06,1267.12,1133.25
06-03-2017,1267.47,1276,1264.6,1272.83,1124.78
07-03-2017,1273.21,1275.55,1204.8,1223.54,1182.68
08-03-2017,1223.23,1232.16,1148.08,1150,1176.9
09-03-2017,1150.35,1197.46,1141.23,1188.49,1175.95
10-03-2017,1189.36,1270.47,1077.25,1116.72,1187.87
11-03-2017,1116.32,1193.83,1116.32,1175.83,1187.13
12-03-2017,1176.62,1226.98,1175.36,1221.38,1205.01
13-03-2017,1221.78,1237.37,1217.03,1231.92,1200.37
14-03-2017,1232.16,1244.81,1220.72,1240,1169.28
15-03-2017,1240.16,1251.61,1239.75,1249.61,1167.54
16-03-2017,1251.33,1257.98,1152.44,1187.81,1172.52
17-03-2017,1180.16,1180.16,1099.57,1100.23,1182.94
18-03-2017,1099.69,1114.07,957.66,973.82,1193.91
19-03-2017,976.73,1069.91,976.73,1036.74,1211.67
20-03-2017,1037.24,1063.03,1036.68,1054.23,1210.29
21-03-2017,1055.36,1122.43,1055.36,1120.54,1229.08
22-03-2017,1120.65,1120.65,1014.21,1049.14,1222.05
23-03-2017,1050.05,1058.01,1028.93,1038.59,1231.71
24-03-2017,1038.45,1040.47,934.36,937.52,1207.21
25-03-2017,936.54,975.76,903.71,972.78,1250.15
26-03-2017,974.02,1007.96,954.19,966.72,1265.49
27-03-2017,972.05,1046.4,971.98,1045.77,1281.08
28-03-2017,1044.58,1064.65,1027.73,1047.15,1317.73
29-03-2017,1046.08,1055.13,1015.88,1039.97,1316.48
30-03-2017,1042.21,1049.29,1020.04,1026.43,1321.79
31-03-2017,1026.64,1074.92,1026.64,1071.79,1347.89
01-04-2017,1071.71,1091.72,1061.09,1080.5,1421.6
02-04-2017,1080.61,1107.59,1075.45,1102.17,1452.82
03-04-2017,1102.95,1151.74,1102.95,1143.81,1490.09
04-04-2017,1145.52,1156.44,1120.52,1133.25,1537.67
05-04-2017,1134.14,1135.09,1113.63,1124.78,1555.45
06-04-2017,1125.81,1188.37,1125.81,1182.68,1578.8
07-04-2017,1178.94,1186.58,1163.39,1176.9,1596.71
08-04-2017,1172.65,1184.98,1162.58,1175.95,1723.35
09-04-2017,1176.57,1197.21,1171.86,1187.87,1755.36
10-04-2017,1187.3,1190.34,1179.04,1187.13,1787.13
11-04-2017,1187.46,1208.07,1187.46,1205.01,1848.57
12-04-2017,1204.81,1207.14,1196.76,1200.37,1724.24
13-04-2017,1201.02,1205.89,1156.44,1169.28,1804.91
14-04-2017,1170.33,1190.8,1159.79,1167.54,1808.91
15-04-2017,1167.3,1188,1164.96,1172.52,1738.43
16-04-2017,1172.61,1187.22,1172.61,1182.94,1734.45
17-04-2017,1183.25,1194.9,1172.65,1193.91,1839.09
18-04-2017,1193.77,1217.57,1193.77,1211.67,1888.65
19-04-2017,1212.13,1215.51,1205.08,1210.29,1987.71
20-04-2017,1211.08,1240.79,1208.41,1229.08,2084.73
21-04-2017,1229.42,1235.94,1215.56,1222.05,2041.2
22-04-2017,1222.71,1235.56,1208.47,1231.71,2173.4
23-04-2017,1231.92,1232.2,1203.94,1207.21,2320.42
24-04-2017,1209.63,1250.94,1209.63,1250.15,2443.64
25-04-2017,1250.45,1267.58,1249.97,1265.49,2304.98
26-04-2017,1265.99,1294.83,1265.93,1281.08,2202.42
27-04-2017,1281.88,1319.7,1281.3,1317.73,2038.87
28-04-2017,1317.74,1331.28,1292.37,1316.48,2155.8
29-04-2017,1317.84,1327.2,1315.21,1321.79,2255.61
30-04-2017,1321.87,1347.91,1314.92,1347.89,2175.47
01-05-2017,1348.3,1434.32,1348.3,1421.6,2286.41
02-05-2017,1421.03,1473.9,1415.69,1452.82,2407.88
03-05-2017,1453.78,1492.77,1447.49,1490.09,2488.55
04-05-2017,1490.72,1608.91,1490.72,1537.67,2515.35
05-05-2017,1540.87,1618.03,1530.31,1555.45,2511.81
06-05-2017,1556.81,1578.8,1542.5,1578.8,2686.81
07-05-2017,1579.47,1596.72,1559.76,1596.71,2863.2
08-05-2017,1596.92,1723.35,1596.92,1723.35,2732.16
09-05-2017,1723.89,1833.49,1716.3,1755.36,2805.62
10-05-2017,1756.52,1788.44,1719.1,1787.13,2823.81
11-05-2017,1780.37,1873.93,1755.35,1848.57,2947.71
12-05-2017,1845.76,1856.15,1694.01,1724.24,2958.11
13-05-2017,1723.12,1812.99,1651.08,1804.91,2659.63
14-05-2017,1800.86,1831.42,1776.62,1808.91,2717.02
15-05-2017,1808.44,1812.8,1708.54,1738.43,2506.37
16-05-2017,1741.7,1785.94,1686.54,1734.45,2464.58
17-05-2017,1726.73,1864.05,1661.91,1839.09,2518.56
18-05-2017,1818.7,1904.48,1807.12,1888.65,2655.88
19-05-2017,1897.37,2004.52,1890.25,1987.71,2548.29
20-05-2017,1984.24,2084.73,1974.92,2084.73,2589.6
21-05-2017,2067.03,2119.08,2037.5,2041.2,2721.79
22-05-2017,2043.19,2303.9,2017.87,2173.4,2689.1
23-05-2017,2191.56,2320.82,2178.5,2320.42,2705.41
24-05-2017,2321.37,2523.72,2321.37,2443.64,2744.91
25-05-2017,2446.24,2763.71,2285.3,2304.98,2608.72
26-05-2017,2320.89,2573.79,2071.99,2202.42,2589.41
27-05-2017,2196.27,2260.2,1855.83,2038.87,2478.45
28-05-2017,2054.08,2267.34,2054.08,2155.8,2552.45
29-05-2017,2159.43,2307.05,2107.17,2255.61,2574.79
30-05-2017,2255.36,2301.96,2124.57,2175.47,2539.32
31-05-2017,2187.19,2311.08,2145.57,2286.41,2480.84
01-06-2017,2288.33,2448.39,2288.33,2407.88,2434.55
02-06-2017,2404.03,2488.55,2373.32,2488.55,2506.47
03-06-2017,2493.72,2581.91,2423.57,2515.35,2564.06
04-06-2017,2547.79,2585.89,2452.54,2511.81,2601.64
05-06-2017,2512.4,2686.81,2510.22,2686.81,2601.99
06-06-2017,2690.84,2999.91,2690.84,2863.2,2608.56
07-06-2017,2869.38,2869.38,2700.56,2732.16,2518.66
08-06-2017,2720.49,2815.3,2670.95,2805.62,2571.34
09-06-2017,2807.44,2901.71,2795.62,2823.81,2518.44
10-06-2017,2828.14,2950.99,2746.55,2947.71,2372.56
11-06-2017,2942.41,2996.6,2840.53,2958.11,2337.79
12-06-2017,2953.22,2997.26,2518.56,2659.63,2398.84
13-06-2017,2680.91,2789.04,2650.38,2717.02,2357.9
14-06-2017,2716.88,2786.83,2412.94,2506.37,2233.34
15-06-2017,2499.58,2534.71,2212.96,2464.58,1998.86
16-06-2017,2469.57,2539.92,2385.15,2518.56,1929.82
17-06-2017,2514.01,2685.19,2484.96,2655.88,2228.41
18-06-2017,2655.35,2662.1,2516.33,2548.29,2318.88
19-06-2017,2549.03,2662.85,2549.03,2589.6,2273.43
20-06-2017,2591.26,2763.45,2589.82,2721.79,2817.6
21-06-2017,2709.43,2772.01,2660.4,2689.1,2667.76
22-06-2017,2691.03,2723.74,2642.36,2705.41,2810.12
23-06-2017,2707.34,2765.17,2706.37,2744.91,2730.4
24-06-2017,2738.52,2757.94,2583.19,2608.72,2754.86
25-06-2017,2607.25,2682.26,2552.12,2589.41,2576.48
26-06-2017,2590.57,2615.25,2376.29,2478.45,2529.45
27-06-2017,2478.45,2552.45,2332.99,2552.45,2671.78
28-06-2017,2553.03,2603.98,2484.42,2574.79,2809.01
29-06-2017,2567.56,2588.83,2510.48,2539.32,2726.45
30-06-2017,2539.24,2559.25,2478.43,2480.84,2757.18
01-07-2017,2492.6,2515.27,2419.23,2434.55,2875.34
02-07-2017,2436.4,2514.28,2394.84,2506.47,2718.26
03-07-2017,2498.56,2595,2480.47,2564.06,2710.67
04-07-2017,2561,2631.59,2559.35,2601.64,2804.73
05-07-2017,2602.87,2622.65,2538.55,2601.99,2895.89
06-07-2017,2608.1,2616.72,2581.69,2608.56,3252.91
07-07-2017,2608.59,2916.14,2498.87,2518.66,3213.94
08-07-2017,2520.27,2571.34,2492.31,2571.34,3378.94
09-07-2017,2572.61,2635.49,2517.59,2518.44,3419.94
10-07-2017,2525.25,2537.16,2321.13,2372.56,3342.47
11-07-2017,2385.89,2413.47,2296.81,2337.79,3381.28
12-07-2017,2332.77,2423.71,2275.14,2398.84,3650.62
13-07-2017,2402.7,2425.22,2340.83,2357.9,3884.71
14-07-2017,2360.59,2363.25,2183.22,2233.34,4073.26
15-07-2017,2230.12,2231.14,1990.41,1998.86,4325.13
16-07-2017,1991.98,2058.77,1843.03,1929.82,4181.93
17-07-2017,1932.62,2230.49,1932.62,2228.41,4376.63
18-07-2017,2233.52,2387.61,2164.77,2318.88,4331.69
19-07-2017,2323.08,2397.17,2260.23,2273.43,4160.62
20-07-2017,2269.89,2900.7,2269.89,2817.6,4193.7
21-07-2017,2838.41,2838.41,2621.85,2667.76,4087.66
22-07-2017,2668.63,2862.42,2657.71,2810.12,4001.74
23-07-2017,2808.1,2832.18,2653.94,2730.4,4100.52
24-07-2017,2732.7,2777.26,2699.19,2754.86,4151.52
25-07-2017,2757.5,2768.08,2480.96,2576.48,4334.68
26-07-2017,2577.77,2610.76,2450.8,2529.45,4371.6
27-07-2017,2538.71,2693.32,2529.34,2671.78,4352.4
28-07-2017,2679.73,2897.45,2679.73,2809.01,4382.88
29-07-2017,2807.02,2808.76,2692.8,2726.45,4382.66
30-07-2017,2724.39,2758.53,2644.85,2757.18,4579.02
31-07-2017,2763.24,2889.62,2720.61,2875.34,4565.3
01-08-2017,2871.3,2921.35,2685.61,2718.26,4703.39
02-08-2017,2727.13,2762.53,2668.59,2710.67,4892.01
03-08-2017,2709.56,2813.31,2685.14,2804.73,4578.77
04-08-2017,2806.93,2899.33,2743.72,2895.89,4582.96
05-08-2017,2897.63,3290.01,2874.83,3252.91,4236.31
06-08-2017,3257.61,3293.29,3155.6,3213.94,4376.53
07-08-2017,3212.78,3397.68,3180.89,3378.94,4597.12
08-08-2017,3370.22,3484.85,3345.83,3419.94,4599.88
09-08-2017,3420.4,3422.76,3247.67,3342.47,4228.75
10-08-2017,3341.84,3453.45,3319.47,3381.28,4226.06
11-08-2017,3373.82,3679.72,3372.12,3650.62,4122.94
12-08-2017,3650.63,3949.92,3613.7,3884.71,4161.27
13-08-2017,3880.04,4208.39,3857.8,4073.26,4130.81
14-08-2017,4066.1,4325.13,3989.16,4325.13,3882.59
15-08-2017,4326.99,4455.97,3906.18,4181.93,3154.95
16-08-2017,4200.34,4381.23,3994.42,4376.63,3637.52
17-08-2017,4384.44,4484.7,4243.71,4331.69,3625.04
18-08-2017,4324.34,4370.13,4015.4,4160.62,3582.88
19-08-2017,4137.75,4243.26,3970.55,4193.7,4065.2
20-08-2017,4189.31,4196.29,4069.88,4087.66,3924.97
21-08-2017,4090.48,4109.14,3988.6,4001.74,3905.95
22-08-2017,3998.35,4128.76,3674.58,4100.52,3631.04
23-08-2017,4089.01,4255.78,4078.41,4151.52,3630.7
24-08-2017,4137.6,4376.39,4130.26,4334.68,3792.4
25-08-2017,4332.82,4455.7,4307.35,4371.6,3682.84
26-08-2017,4372.06,4379.28,4269.52,4352.4,3926.07
27-08-2017,4345.1,4416.59,4317.29,4382.88,3892.35
28-08-2017,4384.45,4403.93,4224.64,4382.66,4200.67
29-08-2017,4389.21,4625.68,4352.13,4579.02,4174.73
30-08-2017,4570.36,4626.52,4471.41,4565.3,4163.07
31-08-2017,4555.59,4736.05,4549.4,4703.39,4338.71
01-09-2017,4701.76,4892.01,4678.53,4892.01,4403.74
02-09-2017,4901.42,4975.04,4469.24,4578.77,4409.32
03-09-2017,4585.27,4714.08,4417.59,4582.96,4317.48
04-09-2017,4591.63,4591.63,4108.4,4236.31,4229.36
05-09-2017,4228.29,4427.84,3998.11,4376.53,4328.41
06-09-2017,4376.59,4617.25,4376.59,4597.12,4370.81
07-09-2017,4589.14,4655.04,4491.33,4599.88,4426.89
08-09-2017,4605.16,4661,4075.18,4228.75,4610.48
09-09-2017,4229.81,4308.82,4114.11,4226.06,4772.02
10-09-2017,4229.34,4245.44,3951.04,4122.94,4781.99
11-09-2017,4122.47,4261.67,4099.4,4161.27,4826.48
12-09-2017,4168.88,4344.65,4085.22,4130.81,5446.91
13-09-2017,4131.98,4131.98,3789.92,3882.59,5647.21
14-09-2017,3875.37,3920.6,3153.86,3154.95,5831.79
15-09-2017,3166.3,3733.45,2946.62,3637.52,5678.19
16-09-2017,3637.75,3808.84,3487.79,3625.04,5725.59
17-09-2017,3606.28,3664.81,3445.64,3582.88,5605.51
18-09-2017,3591.09,4079.23,3591.09,4065.2,5590.69
19-09-2017,4073.79,4094.07,3868.87,3924.97,5708.52
20-09-2017,3916.36,4031.39,3857.73,3905.95,6011.45
21-09-2017,3901.47,3916.42,3613.63,3631.04,6031.6
22-09-2017,3628.02,3758.27,3553.53,3630.7,6008.42
23-09-2017,3629.92,3819.21,3594.58,3792.4,5930.32
24-09-2017,3796.15,3796.15,3666.9,3682.84,5526.64
25-09-2017,3681.58,3950.25,3681.58,3926.07,5750.8
26-09-2017,3928.41,3969.89,3869.9,3892.35,5904.83
27-09-2017,3892.94,4210.05,3884.82,4200.67,5780.9
28-09-2017,4197.13,4279.31,4109.7,4174.73,5753.09
29-09-2017,4171.62,4214.63,4039.29,4163.07,6153.85
30-09-2017,4166.11,4358.43,4160.86,4338.71,6130.53
01-10-2017,4341.05,4403.74,4269.81,4403.74,6468.4
02-10-2017,4395.81,4470.23,4377.46,4409.32,6767.31
03-10-2017,4408.46,4432.47,4258.89,4317.48,7078.5
04-10-2017,4319.37,4352.31,4210.42,4229.36,7207.76
05-10-2017,4229.88,4362.64,4164.05,4328.41,7379.95
06-10-2017,4324.46,4413.27,4320.53,4370.81,7407.41
07-10-2017,4369.35,4443.88,4321.05,4426.89,7022.76
08-10-2017,4429.67,4624.14,4405.64,4610.48,7144.38
09-10-2017,4614.52,4878.71,4564.25,4772.02,7459.69
10-10-2017,4776.21,4922.17,4765.1,4781.99,7143.58
11-10-2017,4789.25,4873.73,4751.63,4826.48,6618.14
12-10-2017,4829.58,5446.91,4822,5446.91,6357.6
13-10-2017,5464.16,5840.3,5436.85,5647.21,5950.07
14-10-2017,5643.53,5837.7,5591.64,5831.79,6559.49
15-10-2017,5835.96,5852.48,5478.61,5678.19,6635.75
16-10-2017,5687.57,5776.23,5544.21,5725.59,7315.54
17-10-2017,5741.58,5800.35,5472.72,5605.51,7871.69
18-10-2017,5603.82,5603.82,5151.44,5590.69,7708.99
19-10-2017,5583.74,5744.35,5531.06,5708.52,7790.15
20-10-2017,5708.11,6060.11,5627.23,6011.45,8036.49
21-10-2017,5996.79,6194.88,5965.07,6031.6,8200.64
22-10-2017,6036.66,6076.26,5792.34,6008.42,8071.26
23-10-2017,6006,6075.59,5732.47,5930.32,8253.55
24-10-2017,5935.52,5935.52,5504.18,5526.64,8038.77
25-10-2017,5524.6,5754.33,5397.88,5750.8,8253.69
26-10-2017,5747.95,5976.8,5721.22,5904.83,8790.92
27-10-2017,5899.74,5988.39,5728.82,5780.9,9330.55
28-10-2017,5787.82,5876.72,5689.19,5753.09,9818.35
29-10-2017,5754.44,6255.71,5724.58,6153.85,10058.8
30-10-2017,6114.85,6214.99,6040.85,6130.53,9888.61
31-10-2017,6132.02,6470.43,6103.33,6468.4,10233.6
01-11-2017,6440.97,6767.31,6377.88,6767.31,10975.6
02-11-2017,6777.77,7367.33,6758.72,7078.5,11074.6
03-11-2017,7087.53,7461.29,7002.94,7207.76,11323.2
04-11-2017,7164.48,7492.86,7031.28,7379.95,11657.2
05-11-2017,7404.52,7617.48,7333.19,7407.41,11916.7
06-11-2017,7403.22,7445.77,7007.31,7022.76,14291.5
07-11-2017,7023.1,7253.32,7023.1,7144.38,17899.7
08-11-2017,7141.38,7776.42,7114.02,7459.69,16569.4
09-11-2017,7446.83,7446.83,7101.52,7143.58,15178.2
10-11-2017,7173.73,7312,6436.87,6618.14,15455.4
11-11-2017,6618.61,6873.15,6204.22,6357.6,16936.8
12-11-2017,6295.45,6625.05,5519.01,5950.07,17415.4
13-11-2017,5938.25,6811.19,5844.29,6559.49,16408.2
14-11-2017,6561.48,6764.98,6461.75,6635.75,16564
15-11-2017,6634.76,7342.25,6634.76,7315.54,17706.9
16-11-2017,7323.24,7967.38,7176.58,7871.69,19497.4
17-11-2017,7853.57,8004.59,7561.09,7708.99,19140.8
18-11-2017,7697.21,7884.99,7463.44,7790.15,19114.2
19-11-2017,7766.03,8101.91,7694.1,8036.49,17776.7
20-11-2017,8039.07,8336.86,7949.36,8200.64,16624.6
21-11-2017,8205.74,8348.66,7762.71,8071.26,15802.9
22-11-2017,8077.95,8302.26,8075.47,8253.55,13831.8
23-11-2017,8232.38,8267.4,8038.77,8038.77,14699.2
24-11-2017,8074.02,8374.16,7940.93,8253.69,13925.8
25-11-2017,8241.71,8790.92,8191.15,8790.92,14026.6
26-11-2017,8789.04,9522.93,8775.59,9330.55,16099.8
27-11-2017,9352.72,9818.35,9352.72,9818.35,15838.5
28-11-2017,9823.43,10125.7,9736.3,10058.8,14606.5
29-11-2017,10077.4,11517.4,9601.03,9888.61,14656.2
30-11-2017,9906.79,10801,9202.05,10233.6,12952.2
01-12-2017,10198.6,11046.7,9694.65,10975.6,14156.4
02-12-2017,10978.3,11320.2,10905.1,11074.6,13657.2
03-12-2017,11082.7,11858.7,10862,11323.2,14982.1
04-12-2017,11315.4,11657.2,11081.8,11657.2,15201
05-12-2017,11685.7,12032,11604.6,11916.7,15599.2
06-12-2017,11923.4,14369.1,11923.4,14291.5,17429.5
07-12-2017,14266.1,17899.7,14057.3,17899.7,17527
08-12-2017,17802.9,18353.4,14336.9,16569.4,16477.6
09-12-2017,16523.3,16783,13674.9,15178.2,15170.1
10-12-2017,15168.4,15850.6,13226.6,15455.4,14595.4
11-12-2017,15427.4,17513.9,15404.8,16936.8,14973.3
12-12-2017,16919.8,17781.8,16571.6,17415.4,13405.8
13-12-2017,17500,17653.1,16039.7,16408.2,13980.6
14-12-2017,16384.6,17085.8,16185.9,16564,14360.2
15-12-2017,16601.3,18154.1,16601.3,17706.9,13772
16-12-2017,17760.3,19716.7,17515.3,19497.4,13819.8
17-12-2017,19475.8,20089,18974.1,19140.8,11490.5
18-12-2017,19106.4,19371,18355.9,19114.2,11188.6
19-12-2017,19118.3,19177.8,17275.4,17776.7,11474.9
20-12-2017,17760.3,17934.7,16077.7,16624.6,11607.4
21-12-2017,16642.4,17567.7,15342.7,15802.9,12899.2
22-12-2017,15898,15943.4,11833,13831.8,11600.1
23-12-2017,13948.7,15603.2,13828.8,14699.2,10931.4
24-12-2017,14608.2,14626,12747.7,13925.8,10868.4
25-12-2017,13995.9,14593,13448.9,14026.6,11359.4
26-12-2017,14036.6,16461.2,14028.9,16099.8,11259.4
27-12-2017,16163.5,16930.9,15114.3,15838.5,11171.4
28-12-2017,15864.1,15888.4,13937.3,14606.5,11440.7
29-12-2017,14695.8,15279,14307,14656.2,11786.3
30-12-2017,14681.9,14681.9,12350.1,12952.2,11296.4
31-12-2017,12897.7,14377.4,12755.6,14156.4,10106.3
01-01-2018,14112.2,14112.2,13154.7,13657.2,10221.1
02-01-2018,13625,15444.6,13163.6,14982.1,9170.54
03-01-2018,14978.2,15572.8,14844.5,15201,8830.75
04-01-2018,15270.7,15739.7,14522.2,15599.2,9174.91
05-01-2018,15477.2,17705.2,15202.8,17429.5,8277.01
06-01-2018,17462.1,17712.4,16764.6,17527,6955.27
07-01-2018,17527.3,17579.6,16087.7,16477.6,7754
08-01-2018,16476.2,16537.9,14208.2,15170.1,7621.3
09-01-2018,15123.7,15497.5,14424,14595.4,8265.59
10-01-2018,14588.5,14973.3,13691.2,14973.3,8736.98
11-01-2018,14968.2,15018.8,13105.9,13405.8,8621.9
12-01-2018,13453.9,14229.9,13158.1,13980.6,8129.97
13-01-2018,13952.4,14659.5,13952.4,14360.2,8926.57
14-01-2018,14370.8,14511.8,13268,13772,8598.31
15-01-2018,13767.3,14445.5,13641.7,13819.8,9494.63
16-01-2018,13836.1,13843.1,10194.9,11490.5,10166.4
17-01-2018,11431.1,11678,9402.29,11188.6,10233.9
18-01-2018,11198.8,12107.3,10942.5,11474.9,11112.7
19-01-2018,11429.8,11992.8,11172.1,11607.4,10551.8
20-01-2018,11656.2,13103,11656.2,12899.2,11225.3
21-01-2018,12889.2,12895.9,11288.2,11600.1,11403.7
22-01-2018,11633.1,11966.4,10240.2,10931.4,10690.4
23-01-2018,10944.5,11377.6,10129.7,10868.4,10005
24-01-2018,10903.4,11501.4,10639.8,11359.4,10301.1
25-01-2018,11421.7,11785.7,11057.4,11259.4,9813.07
26-01-2018,11256,11656.7,10470.3,11171.4,9664.73
27-01-2018,11174.9,11614.9,10989.2,11440.7,10366.7
28-01-2018,11475.3,12040.3,11475.3,11786.3,10725.6
29-01-2018,11755.5,11875.6,11179.2,11296.4,10397.9
30-01-2018,11306.8,11307.2,10036.2,10106.3,10951
31-01-2018,10108.2,10381.6,9777.42,10221.1,11086.4
01-02-2018,10237.3,10288.8,8812.28,9170.54,11489.7
02-02-2018,9142.28,9142.28,7796.49,8830.75,11512.6
03-02-2018,8852.12,9430.75,8251.63,9174.91,11573.3
04-02-2018,9175.7,9334.87,8031.22,8277.01,10779.9
05-02-2018,8270.54,8364.84,6756.68,6955.27,9965.57
06-02-2018,7051.75,7850.7,6048.26,7754,9395.01
07-02-2018,7755.49,8509.11,7236.79,7621.3,9337.55
08-02-2018,7637.86,8558.77,7637.86,8265.59,8866
09-02-2018,8271.84,8736.98,7884.71,8736.98,9578.63
10-02-2018,8720.08,9122.55,8295.47,8621.9,9205.12
11-02-2018,8616.13,8616.13,7931.1,8129.97,9194.85
12-02-2018,8141.43,8985.92,8141.43,8926.57,8269.81
13-02-2018,8926.72,8958.47,8455.41,8598.31,8300.86
14-02-2018,8599.92,9518.54,8599.92,9494.63,8338.35
15-02-2018,9488.32,10234.8,9395.58,10166.4,7916.88
16-02-2018,10135.7,10324.1,9824.82,10233.9,8223.68
17-02-2018,10207.5,11139.5,10149.4,11112.7,8630.65
18-02-2018,11123.4,11349.8,10326,10551.8,8913.47
19-02-2018,10552.6,11273.8,10513.2,11225.3,8929.28
20-02-2018,11231.8,11958.5,11231.8,11403.7,8728.47
21-02-2018,11372.2,11418.5,10479.1,10690.4,8879.62
22-02-2018,10660.4,11039.1,9939.09,10005,8668.12
23-02-2018,9937.07,10487.3,9734.56,10301.1,8495.78
24-02-2018,10287.7,10597.2,9546.97,9813.07,8209.4
25-02-2018,9796.42,9923.22,9407.06,9664.73,7833.04
26-02-2018,9669.43,10475,9501.73,10366.7,7954.48
27-02-2018,10393.9,10878.5,10246.1,10725.6,7165.7
28-02-2018,10687.2,11089.8,10393.1,10397.9,6890.52
01-03-2018,10385,11052.3,10352.7,10951,6973.53
02-03-2018,10977.4,11189,10850.1,11086.4,6844.23
03-03-2018,11101.9,11528.2,11002.4,11489.7,7083.8
04-03-2018,11497.4,11512.6,11136.1,11512.6,7456.11
05-03-2018,11532.4,11704.1,11443.9,11573.3,6853.84
06-03-2018,11500.1,11500.1,10694.3,10779.9,6811.47
07-03-2018,10803.9,10929.5,9692.12,9965.57,6636.32
08-03-2018,9951.44,10147.4,9335.87,9395.01,6911.09
09-03-2018,9414.69,9466.35,8513.03,9337.55,7023.52
10-03-2018,9350.59,9531.32,8828.47,8866,6770.73
11-03-2018,8852.78,9711.89,8607.12,9578.63,6834.76
12-03-2018,9602.93,9937.5,8956.43,9205.12,6968.32
13-03-2018,9173.04,9470.38,8958.19,9194.85,7889.25
14-03-2018,9214.65,9355.85,8068.59,8269.81,7895.96
15-03-2018,8290.76,8428.35,7783.05,8300.86,7986.24
16-03-2018,8322.91,8585.15,8005.31,8338.35,8329.11
17-03-2018,8321.91,8346.53,7812.82,7916.88,8058.67
18-03-2018,7890.52,8245.51,7397.99,8223.68,7902.09
19-03-2018,8344.12,8675.87,8182.4,8630.65,8163.42
20-03-2018,8619.67,9051.02,8389.89,8913.47,8294.31
21-03-2018,8937.48,9177.37,8846.33,8929.28,8845.83
22-03-2018,8939.44,9100.71,8564.9,8728.47,8895.58
23-03-2018,8736.25,8879.62,8360.62,8879.62,8802.46
24-03-2018,8901.95,8996.18,8665.7,8668.12,8930.88
25-03-2018,8612.81,8682.01,8449.1,8495.78,9697.5
26-03-2018,8498.47,8530.08,7921.43,8209.4,8845.74
27-03-2018,8200,8232.78,7797.28,7833.04,9281.51
28-03-2018,7836.83,8122.89,7809.17,7954.48,8987.05
29-03-2018,7979.07,7994.33,7081.38,7165.7,9348.48
30-03-2018,7171.45,7276.66,6683.93,6890.52,9419.08
31-03-2018,6892.48,7207.85,6863.52,6973.53,9240.55
01-04-2018,7003.06,7060.95,6526.87,6844.23,9119.01
02-04-2018,6844.86,7135.47,6816.58,7083.8,9235.92
03-04-2018,7102.26,7530.94,7072.49,7456.11,9743.86
04-04-2018,7456.41,7469.88,6803.88,6853.84,9700.76
05-04-2018,6848.65,6933.82,6644.8,6811.47,9858.15
06-04-2018,6815.96,6857.49,6575,6636.32,9654.8
07-04-2018,6630.51,7050.54,6630.51,6911.09,9373.01
08-04-2018,6919.98,7111.56,6919.98,7023.52,9234.82
09-04-2018,7044.32,7178.11,6661.99,6770.73,9325.18
10-04-2018,6795.44,6872.41,6704.15,6834.76,9043.94
11-04-2018,6843.47,6968.32,6817.59,6968.32,8441.49
12-04-2018,6955.38,7899.23,6806.51,7889.25,8504.89
13-04-2018,7901.09,8183.96,7758.93,7895.96,8723.94
14-04-2018,7874.67,8140.71,7846,7986.24,8716.79
15-04-2018,7999.33,8338.42,7999.33,8329.11,8510.38
16-04-2018,8337.57,8371.15,7925.73,8058.67,8368.83
17-04-2018,8071.66,8285.96,7881.72,7902.09,8094.32
18-04-2018,7944.43,8197.8,7886.01,8163.42,8250.97
19-04-2018,8159.27,8298.69,8138.78,8294.31,8247.18
20-04-2018,8286.88,8880.23,8244.54,8845.83,8513.25
21-04-2018,8848.79,8997.57,8652.15,8895.58,8418.99
22-04-2018,8925.06,9001.64,8779.61,8802.46,8041.78
23-04-2018,8794.39,8958.55,8788.81,8930.88,7557.82
24-04-2018,8934.34,9732.61,8927.83,9697.5,7587.34
25-04-2018,9701.03,9745.32,8799.84,8845.74,7480.14
26-04-2018,8867.32,9281.51,8727.09,9281.51,7355.88
27-04-2018,9290.63,9375.47,8987.05,8987.05,7368.22
28-04-2018,8939.27,9412.09,8931.99,9348.48,7135.99
29-04-2018,9346.41,9531.49,9193.71,9419.08,7472.59
30-04-2018,9426.11,9477.14,9166.81,9240.55,7406.52
01-05-2018,9251.47,9255.88,8891.05,9119.01,7494.17
02-05-2018,9104.6,9256.52,9015.14,9235.92,7541.45
03-05-2018,9233.97,9798.33,9188.15,9743.86,7643.45
04-05-2018,9695.5,9779.2,9585.96,9700.76,7720.25
05-05-2018,9700.28,9964.5,9695.12,9858.15,7514.47
06-05-2018,9845.31,9940.14,9465.25,9654.8,7633.76
07-05-2018,9645.67,9665.85,9231.53,9373.01,7653.98
08-05-2018,9380.87,9462.75,9127.77,9234.82,7678.24
09-05-2018,9223.73,9374.76,9031.62,9325.18,7624.92
10-05-2018,9325.96,9396.04,9040.52,9043.94,7531.98
11-05-2018,9052.96,9052.96,8394.46,8441.49,6786.02
12-05-2018,8441.44,8664.86,8223.5,8504.89,6906.92
13-05-2018,8515.49,8773.55,8395.12,8723.94,6582.36
14-05-2018,8713.1,8881.12,8367.97,8716.79,6349.9
15-05-2018,8705.19,8836.19,8456.45,8510.38,6675.35
16-05-2018,8504.41,8508.43,8175.49,8368.83,6456.58
17-05-2018,8370.05,8445.54,8054.12,8094.32,6550.16
18-05-2018,8091.83,8274.12,7974.82,8250.97,6499.27
19-05-2018,8255.73,8372.06,8183.35,8247.18,6734.82
20-05-2018,8246.99,8562.41,8205.24,8513.25,6769.94
21-05-2018,8522.33,8557.52,8365.12,8418.99,6776.55
22-05-2018,8419.87,8423.25,8004.58,8041.78,6729.74
23-05-2018,8037.08,8054.66,7507.88,7557.82,6083.69
24-05-2018,7561.12,7738.6,7331.14,7587.34,6162.48
25-05-2018,7592.3,7659.14,7392.65,7480.14,6173.23
26-05-2018,7486.48,7595.16,7349.12,7355.88,6249.18
27-05-2018,7362.08,7381.74,7270.96,7368.22,6093.67
28-05-2018,7371.31,7419.05,7100.89,7135.99,6157.13
29-05-2018,7129.46,7526.42,7090.68,7472.59,5903.44
30-05-2018,7469.73,7573.77,7313.6,7406.52,6218.3
31-05-2018,7406.15,7608.9,7361.13,7494.17,6404
01-06-2018,7500.7,7604.73,7407.34,7541.45,6385.82
02-06-2018,7536.72,7695.83,7497.26,7643.45,6614.18
03-06-2018,7632.09,7754.89,7613.04,7720.25,6529.59
04-06-2018,7722.53,7753.82,7474.04,7514.47,6597.55
05-06-2018,7500.9,7643.23,7397,7633.76,6639.14
06-06-2018,7625.97,7680.43,7502.01,7653.98,6673.5
07-06-2018,7650.82,7741.27,7650.82,7678.24,6856.93
08-06-2018,7685.14,7698.19,7558.4,7624.92,6773.88
09-06-2018,7632.52,7683.58,7531.98,7531.98,6741.75
10-06-2018,7499.55,7499.55,6709.07,6786.02,6329.95
11-06-2018,6799.29,6910.18,6706.63,6906.92,6394.71
12-06-2018,6905.82,6907.96,6542.08,6582.36,6228.81
13-06-2018,6596.88,6631.66,6285.63,6349.9,6238.05
14-06-2018,6342.75,6707.14,6334.46,6675.35,6276.12
15-06-2018,6674.08,6681.08,6433.87,6456.58,6359.64
16-06-2018,6455.45,6592.49,6402.29,6550.16,6741.75
17-06-2018,6545.53,6589.11,6499.27,6499.27,7321.04
18-06-2018,6510.07,6781.14,6446.68,6734.82,7370.78
19-06-2018,6742.39,6822.5,6709.92,6769.94,7466.86
20-06-2018,6770.76,6821.56,6611.88,6776.55,7354.13
21-06-2018,6780.09,6810.94,6715.17,6729.74,7419.29
22-06-2018,6737.88,6747.08,6006.6,6083.69,7418.49
23-06-2018,6090.1,6224.82,6071.81,6162.48,7711.11
24-06-2018,6164.28,6223.78,5826.41,6173.23,8424.27
25-06-2018,6171.97,6327.37,6119.68,6249.18,8181.39
26-06-2018,6253.55,6290.16,6093.67,6093.67,7951.58
27-06-2018,6084.4,6180,6052.85,6157.13,8165.01
28-06-2018,6153.16,6170.41,5873.05,5903.44,8192.15
29-06-2018,5898.13,6261.66,5835.75,6218.3,8218.46
30-06-2018,6214.22,6465.51,6214.22,6404,8180.48
01-07-2018,6411.68,6432.85,6289.29,6385.82,7780.44
02-07-2018,6380.38,6683.86,6305.7,6614.18,7624.91
03-07-2018,6596.66,6671.37,6447.75,6529.59,7567.15
04-07-2018,6550.87,6771.92,6450.46,6597.55,7434.39
05-07-2018,6599.71,6749.54,6546.65,6639.14,7032.85
06-07-2018,6638.69,6700.94,6533.55,6673.5,7068.48
07-07-2018,6668.71,6863.99,6579.24,6856.93,6951.8
08-07-2018,6857.8,6885.91,6747.98,6773.88,6753.12
09-07-2018,6775.08,6838.68,6724.34,6741.75,6305.8
10-07-2018,6739.21,6767.74,6320.72,6329.95,6568.23
11-07-2018,6330.77,6444.96,6330.47,6394.71,6184.71
12-07-2018,6396.78,6397.1,6136.42,6228.81,6295.73
13-07-2018,6235.03,6310.55,6192.24,6238.05,6322.69
14-07-2018,6247.5,6298.19,6212.22,6276.12,6297.57
15-07-2018,6272.7,6403.46,6256.51,6359.64,6199.71
16-07-2018,6357.01,6741.75,6357.01,6741.75,6308.52
17-07-2018,6739.65,7387.24,6684.17,7321.04,6334.73
18-07-2018,7315.32,7534.99,7280.47,7370.78,6580.63
19-07-2018,7378.2,7494.46,7295.46,7466.86,6423.76
20-07-2018,7467.4,7594.67,7323.26,7354.13,6506.07
21-07-2018,7352.72,7437.64,7262.41,7419.29,6308.53
22-07-2018,7417.8,7537.95,7383.82,7418.49,6488.76
23-07-2018,7414.71,7771.5,7409.1,7711.11,6376.71
24-07-2018,7716.51,8424.27,7705.5,8424.27,6534.88
25-07-2018,8379.66,8416.87,8086.36,8181.39,6719.96
26-07-2018,8176.85,8290.33,7878.71,7951.58,6763.19
27-07-2018,7950.4,8262.66,7839.76,8165.01,6707.26
28-07-2018,8169.06,8222.85,8110.77,8192.15,6884.64
29-07-2018,8205.82,8272.26,8141.18,8218.46,7096.28
30-07-2018,8221.58,8235.5,7917.5,8180.48,7047.16
31-07-2018,8181.2,8181.53,7696.93,7780.44,6978.23
01-08-2018,7769.04,7769.04,7504.95,7624.91,7037.58
02-08-2018,7634.19,7712.77,7523.44,7567.15,7193.25
03-08-2018,7562.14,7562.14,7328.65,7434.39,7272.72
04-08-2018,7438.67,7497.49,6984.07,7032.85,7260.06
05-08-2018,7031.08,7102.77,6940.7,7068.48,7361.66
06-08-2018,7062.94,7166.55,6890.54,6951.8,6792.83
07-08-2018,6958.32,7146.56,6748.24,6753.12,6529.17
08-08-2018,6746.85,6746.85,6226.22,6305.8,6467.07
09-08-2018,6305.56,6625.73,6249.07,6568.23,6225.98
10-08-2018,6571.42,6591.26,6124.52,6184.71,6300.86
11-08-2018,6185.79,6455.74,6109.03,6295.73,6329.7
12-08-2018,6283.65,6409.85,6237.5,6322.69,6321.2
13-08-2018,6341.36,6537.05,6225.72,6297.57,6351.8
14-08-2018,6287.66,6287.94,5971.05,6199.71,6517.31
15-08-2018,6221.42,6588.49,6221.42,6308.52,6512.71
16-08-2018,6294.23,6473.5,6276.41,6334.73,6543.2
17-08-2018,6340.91,6582.5,6324.97,6580.63,6517.18
18-08-2018,6583.43,6617.35,6353.73,6423.76,6281.2
19-08-2018,6422.57,6537.98,6361.55,6506.07,6371.3
20-08-2018,6500.51,6536.92,6297.93,6308.53,6398.54
21-08-2018,6301.07,6500.87,6298.24,6488.76,6519.67
22-08-2018,6486.25,6816.79,6310.11,6376.71,6734.95
23-08-2018,6371.34,6546.54,6371.34,6534.88,6721.98
24-08-2018,6551.52,6719.96,6498.64,6719.96,6710.63
25-08-2018,6719.95,6789.63,6700.96,6763.19,6595.41
26-08-2018,6754.64,6774.75,6620.75,6707.26,6446.47
27-08-2018,6710.8,6884.64,6689.71,6884.64,6495
28-08-2018,6891.08,7109.56,6882.34,7096.28,6676.75
29-08-2018,7091.71,7113.3,6970.82,7047.16,6644.13
30-08-2018,7043.76,7072.69,6834.69,6978.23,6601.96
31-08-2018,6973.97,7057.17,6920.16,7037.58,6625.56
01-09-2018,7044.81,7242.29,7038.05,7193.25,6589.62
02-09-2018,7189.58,7306.31,7132.16,7272.72,6556.1
03-09-2018,7279.03,7317.94,7208.15,7260.06,6502.59
04-09-2018,7263,7388.26,7255.44,7361.66,6576.69
05-09-2018,7361.46,7388.43,6792.83,6792.83,6622.48
06-09-2018,6755.14,6755.14,6404.72,6529.17,6588.31
07-09-2018,6528.92,6555.29,6396.87,6467.07,6602.95
08-09-2018,6460.17,6534.25,6197.52,6225.98,6652.23
09-09-2018,6223.38,6446.26,6201.22,6300.86,6642.64
10-09-2018,6301.57,6374.98,6292.76,6329.7,6585.53
11-09-2018,6331.88,6398.92,6260.21,6321.2,6256.24
12-09-2018,6317.01,6363.87,6265.09,6351.8,6274.58
13-09-2018,6354.24,6535.41,6354.24,6517.31,6285.99
14-09-2018,6515.41,6596.1,6456.17,6512.71,6290.93
15-09-2018,6509.4,6561.72,6493.55,6543.2,6596.54
16-09-2018,6536.68,6544.33,6460.1,6517.18,6596.11
17-09-2018,6514.06,6540.21,6257.52,6281.2,6544.43
18-09-2018,6280.91,6384.18,6265.71,6371.3,6476.71
19-09-2018,6371.85,6448.46,6208.34,6398.54,6465.41
20-09-2018,6398.85,6529.26,6395.95,6519.67,6489.19
21-09-2018,6513.87,6794.33,6496.36,6734.95,6482.35
22-09-2018,6735.05,6814.56,6616.8,6721.98,6487.16
23-09-2018,6715.32,6766.15,6679.42,6710.63,6475.74
24-09-2018,6704.77,6713.56,6580.9,6595.41,6495.84
25-09-2018,6603.64,6603.64,6381.86,6446.47,6476.29
26-09-2018,6452.79,6585.91,6397.89,6495,6474.75
27-09-2018,6495.29,6712.1,6464.95,6676.75,6480.38
28-09-2018,6678.75,6785.03,6598.32,6644.13,6486.39
29-09-2018,6643.1,6643.1,6511.65,6601.96,6332.63
30-09-2018,6604.71,6643.78,6566.54,6625.56,6334.27
01-10-2018,6619.85,6653.3,6549.08,6589.62,6317.61
02-10-2018,6593.24,6611.84,6537.9,6556.1,6377.78
03-10-2018,6553.86,6571.46,6454.03,6502.59,6388.44
04-10-2018,6497.91,6603.31,6497.91,6576.69,6361.26
05-10-2018,6574.15,6623.62,6557.41,6622.48,6376.13
06-10-2018,6622.45,6628.54,6577.8,6588.31,6419.66
07-10-2018,6590.68,6641.49,6557.04,6602.95,6461.01
08-10-2018,6600.19,6675.06,6576.04,6652.23,6530.14
09-10-2018,6653.08,6661.41,6606.94,6642.64,6453.72
10-10-2018,6640.29,6640.29,6538.96,6585.53,6385.62
11-10-2018,6586.74,6586.74,6243.74,6256.24,6409.22
12-10-2018,6239.25,6328.5,6236.47,6274.58,6411.27
13-10-2018,6278.08,6308.51,6259.81,6285.99,6371.27
14-10-2018,6288.49,6363.21,6280.15,6290.93,6359.49
15-10-2018,6292.64,6965.06,6258.68,6596.54,5738.35
16-10-2018,6601.41,6673.59,6571.37,6596.11,5648.03
17-10-2018,6590.52,6601.21,6517.45,6544.43,5575.55
18-10-2018,6542.33,6567.54,6450.04,6476.71,5554.33
19-10-2018,6478.07,6493.68,6445.31,6465.41,5623.54
20-10-2018,6460.92,6497.72,6449,6489.19,4871.49
21-10-2018,6490.09,6556.38,6476,6482.35,4451.87
22-10-2018,6486.05,6543.8,6462.98,6487.16,4602.17
23-10-2018,6472.36,6506.01,6451.27,6475.74,4365.94
24-10-2018,6478.89,6521.99,6468.86,6495.84,4347.11
25-10-2018,6484.65,6504.65,6447.03,6476.29,3880.76
26-10-2018,6468.44,6498.29,6449.61,6474.75,4009.97
27-10-2018,6480.84,6507.41,6453.53,6480.38,3779.13
28-10-2018,6482.66,6502.28,6447.91,6486.39,3820.72
29-10-2018,6492.35,6503.6,6306.99,6332.63,4257.42
30-10-2018,6337.04,6364.99,6310.14,6334.27,4278.85
31-10-2018,6336.99,6349.16,6316.88,6317.61,0
01-11-2018,6318.14,6547.14,6311.83,6377.78,0
02-11-2018,6378.92,6396.86,6327.38,6388.44,0
03-11-2018,6387.24,6400.07,6342.37,6361.26,0
04-11-2018,6365.47,6388.63,6294.57,6376.13,0
05-11-2018,6363.62,6480.59,6363.62,6419.66,0
06-11-2018,6433.38,6463.55,6408.16,6461.01,0
07-11-2018,6468.5,6552.16,6468.31,6530.14,0
08-11-2018,6522.27,6536.92,6438.53,6453.72,0
09-11-2018,6442.6,6456.46,6373.37,6385.62,0
10-11-2018,6386.13,6437.28,6385.31,6409.22,0
11-11-2018,6413.63,6423.25,6350.17,6411.27,0
12-11-2018,6411.76,6434.21,6360.47,6371.27,0
13-11-2018,6373.19,6395.27,6342.67,6359.49,0
14-11-2018,6351.24,6371.55,5544.09,5738.35,0
15-11-2018,5736.15,5774.82,5358.38,5648.03,0
16-11-2018,5645.32,5657.02,5498.94,5575.55,0
17-11-2018,5578.58,5578.58,5519.56,5554.33,0
18-11-2018,5559.74,5653.61,5559.74,5623.54,0
19-11-2018,5620.78,5620.78,4842.91,4871.49,0
20-11-2018,4863.93,4951.61,4272.11,4451.87,0
21-11-2018,4465.54,4675.73,4343.98,4602.17,0
22-11-2018,4611.57,4629.64,4365.64,4365.94,0
23-11-2018,4360.7,4396.42,4195.68,4347.11,0
24-11-2018,4347.69,4413.09,3795.16,3880.76,0
25-11-2018,3880.78,4120.87,3585.06,4009.97,0
26-11-2018,4015.07,4107.14,3643.92,3779.13,0
27-11-2018,3765.95,3862.96,3661.01,3820.72,0
28-11-2018,3822.47,4385.9,3822.47,4257.42,0
29-11-2018,4269,4413.02,4145.77,4278.85,0
